raw_line,product_id,quantity
(!!!),0,0
(1),,0,0
(27.08.2025) in die Schule mit.,0,0
(= 1 Schul- und Hausheft + 1 Regelheft),1034,1
(= Schul- und Hausheft),1002,1
(Bitte	beim	Kauf	auf	Rechts-	oder,0,0
(Das Papier wird gemeinsam gesammelt und muss nicht beschriftet werden!),0,0
"(HB, 2B)",1004,1
(Lineatur),1002,1
"(Musik), rot (Tests), orange (Freiarbeit)",1049,1
"(Schreibwarenladen, Drogeriemarkt,…) vorrätig.",0,0
(Sie können auch noch vorhandene Schläppchen weiter benutzen. Bei Neukauf bitte feste,0,0
(Sporthose	und	T-Shirt),0,0
(an zwei Seiten offen),0,0
(auch jeden Stift/Pinsel!) sowie die,0,0
(blau oder,1008,1
(blau),1008,1
(braun),0,0
(dunkles Grau),0,0
(dunkles grau),0,0
(dunkles grün),1017,1
"(fakultativ): Phase 6 (digitaler Karteikasten), Karteikarten + Kasten; Stowasser,",1013,1
(für dünne und,0,0
(gelb),1053,1
(gibt es auch für,0,0
(helles Grau),0,0
(helles Grün),1017,1
(helles grau),0,0
(helles grün),1017,1
(kariert mit,1041,1
"(kein Flüssigkleber,",0,0
(lila),1055,1
(liniert mit,1034,1
(liniert mit Rand) ja Workbook,1037,1
(liniert),1002,1
(mit	heller,0,0
(optional Tragtasche),0,0
(orange),0,0
(pink),0,0
(rot),1016,1
(türkis),0,0
(weiß),1024,1
"(weiß,",1024,1
"(z.B. Faber-Castell), Spitzer, Radiergummi; ggf. weiteres Material nach",0,0
"(z.B. Stabilo); Holzbuntstifte (z.B. Faber-Castell), Spitzer, Radiergummi; ggf.",0,0
"- 1 Wasserbehälter (auf Standfestigkeit achten, Schraubverschluss)",0,0
- Lappen (zum Abtupfen der Pinsel) und kleiner Schwamm in Dose,0,0
"- Pinsel: 3 Borstenpinsel (z.B. Nr. 4, 12, 16), 3 Haarpinseln (z.B. Nr. 4, 8, 12)",1010,1
- Tonpapierblock DIN A4 und 1 Transparentpapierset,1062,1
- aufgefüllter und sauberer Malkasten mit Deckweiß (auf Qualität achten),0,0
- wasserfeste Wachsmalkreiden (Jaxon),0,0
-->,0,0
"0,5, 0,7)",0,0
"0,5; 0,7",0,0
062788-2 (ISBN unbedingt beachten!),0,0
062790-5 (ISBN unbedingt beachten!),0,0
1	Dose	Knete,0,0
1	Malblock	DIN	A3	(einseitig	gebunden),1014,1
1	Malkittel	(z.B.	altes	T-Shirt	oder	Hemd),0,0
"1	Mäppchen,	darin:",0,0
1	Packung	weißes	Kopierpapier	DIN	A4,1024,1
1	Prospekthülle	(bitte	mit	Namen	beschriften	und	im	Schnellhefter,0,0
1	Radiergummi	(keine	Figürchen),1006,1
1	Sammelmappe	DIN	A3,0,0
"1	Schreibheft	DIN	A4,	Nr.1,	Lineatur	Kl.1,	farbig	hinterlegt",0,0
1	Silbenstift	(dick)	rot/blau,1021,1
1	Stofftasche	mit:,0,0
"1	Umschlag	blau,	DIN	A4",1023,1
1	Umschlag	rot	DIN	A4,1021,1
1	Umschlag	transparent	DIN	A4,1062,1
1	Wasserfarbkasten	mit	12	Farben	(auf	gute	Qualität	achten),1058,1
1	blauer	Schnellhefter	aus	Pappe,1015,1
1	dünner	Bleistift,1004,1
1	gelbe	Mappe	mit	Gummiband	(Eckspanner)	als	„Postmappe“,0,0
1	kleiner	Lappen	zum	Abtupfen,0,0
1	kleines	Lineal,0,0
1	roter	Schnellhefter	aus	Pappe,1015,1
1	standfester	Wasserbehälter,0,0
1	„Schlampermäppchen“	mit,0,0
1 Anspitzer,1018,1
1 Anspitzer mit Auffangbehälter,0,0
"1 Anspitzer mit Dose (doppelt, für dünne und dicke Stifte)",1018,1
1 Arbeitsblock mit Kontrastlineatur 2 (liniert,1035,1
1 Bastelschere mit Spitze,1020,1
1 Blanko-Block DIN A 4 (bitte gelocht!),1056,1
1 Blauer Umschlag,1021,1
1 Block A 4 kariert,1013,1
1 Block A4 liniert,1002,1
1 Collegeblock Lin 27,1044,1
1 Collegeblock Lin 28,1002,1
"1 DIN A4-Ordner (mit 2 Ringen) zum Verbleib zuhause, mit buntem Register (5- oder 6-teilig)",0,0
1 Deckfarbenkasten guter Qualität mit 12 Farben (Pelikan),0,0
"1 Dosenspitzer für dicke und dünne S4,e",0,0
1 Farbkasten,0,0
1 Farbkasten mit 12 Deckfarben und Deckweiß (bitte säubern und auﬀüllen),0,0
1 Fineliner schwarz,1054,1
"1 Foliens4, (non-permanent)",0,0
1 Folienstift schwarz (wasserlöslich),1054,1
1 Geodreieck,1011,1
1 Heft Nr. 25,1042,1
1 Heft Nr. 28,1045,1
1 Kieserblock (Lineatur 2),1002,1
1 Klarsichtfolie,0,0
1 Klebestift,0,0
"1 Klebestift (z.B. Pritt, Tesa) (Kein Flüssigkleber!)",0,0
1 Kopfhörer (mit Bügel / Over-Ear),0,0
1 Lappen,0,0
1 Lineal,1019,1
"1 Lineal (ca. 16 cm lang, nicht biegsam)",1038,1
1 Lineal (ca. 16cm),1036,1
1 Lineal 60°-30° Winkel,1038,1
"1 Lineal, circa 15-20 cm",1036,1
1 Malblock DIN A 3,1032,1
1 Malblock DIN A4,1001,1
"1 Malblock, DIN A 4",1032,1
1 Malki%el (oder altes T-Shirt/Hemd),0,0
1 Malkittel (altes Hemd o.Ä.),0,0
"1 Malkittel (altes T-Shirt, altes Hemd)",0,0
1 Malkittel (z.B. altes Oberhemd / großes T-Shirt),0,0
1 Marken-Deckfarbenkasten (12 Farben),0,0
"1 Ordner, DIN A 4 (dick) mit 6-teiligem Farbregister",0,0
1 Paar Hausschuhe,0,0
1 Paar Kopbörer mit Klinkenstecker,1037,1
1 Paar dicke Socken (für die Bücherei),0,0
1 Paket Buntstifte (10 – 12 Farben),1005,1
1 Perspekticeck,0,0
1 Postmappe (möglichst gelb),1053,1
"1 Postmappe mit Gummizug, DIN A4",0,0
1 Putzlappen (zum Trocknen des Wasserbehälters und der Pinsel),0,0
1 Radiergummi,1006,1
"1 Rechenhe, mit Lineatur 7 DIN A4 - Ersatzhe,",1042,1
"1 Rechenhe, mit Lineatur 7 DIN A4 blau Mathehe,",1023,1
"1 Rechenheft DIN A 5, Nr. 7",1040,1
1 Sammelmappe DIN A 3,0,0
1 Sammelmappe DIN A3,0,0
1 Sammelmappe DIN A3 für Bilder,0,0
"1 Sammelmappe DIN A3, darin:",0,0
1 Sammelmappe/Eckspanner DIN A4 - Postmappe,0,0
1 Schere,0,0
"1 Schnellhe,er DIN A 4 blau Mathe",1023,1
"1 Schnellhe,er DIN A 4 grün Sachunterricht",1022,1
"1 Schnellhe,er DIN A 4 rot Deutsch",1021,1
"1 Schnellhe,er DIN A 4 schwarz Religion/Ethik",1054,1
"1 Schnellhe,er DIN A 4 weiß Musik",1024,1
1 Schnellhefter braun,1015,1
1 Schnellhefter gelb,1015,1
1 Schnellhefter grau,1015,1
1 Schnellhefter grün,1017,1
1 Schnellhefter schwarz,1054,1
"1 Schreibhe, mit Kontrastlineatur 2 DIN A4 - Ersatzhe,",1042,1
"1 Schreibhe, mit Kontrastlineatur 2 DIN A4 gelb Hausaufgaben- und",1042,1
"1 Schreibhe, mit Kontrastlineatur 2 DIN A4 rot Deutschhe,",1021,1
"1 Schreibheft DIN A 5, quer, Lineatur 0",1033,1
1 Schuhkarton,1013,1
"1 Schuhkarton o.ä. (alle Materialien sollten hineinpassen, nicht zu groß), darin:",1059,1
1 Schulfüller,0,0
1 Spitzer mit Auﬀangdose,0,0
1 Stehordner und 1 Ablagefach (verbleiben vom Vorjahr in der Schule),0,0
1 Textmarker (gelb),1053,1
1 Textmarker (z. B. gelb),1053,1
1 Tuschkasten mit 12 Deckfarben und 1-2 Tuben Deckweiß,1009,1
1 Umschlag braun,1021,1
1 Umschlag grün DIN A4,1022,1
1 Umschlag schwarz DIN A4,1021,1
"1 Umschlagfarbe, Heftfarbe, etc.",0,0
1 Vokabelheft Din A5,1003,1
1 Wasserbecher,0,0
1 Wasserbehälter,0,0
1 Wasserbehälter mit Deckel,0,0
1 Zeichenblock DIN A 3,1014,1
1 Zeichenblock DIN A3,1014,1
1 Zeichenblock DIN A4,1021,1
1 Zeichenplatte DIN A4,1024,1
"1 Zirkel, 1 Geodreieck, 1 langes Lineal, 1 Druckbleistift",1038,1
1 blau (Mathematik) mit Klarsichthülle darin,1015,1
"1 dicker Schreiblernstift (z.B. Triplus, Lamy)",0,0
1 gelb (Musik) mit Klarsichthülle darin,1053,1
1 gelber Umschlag,1021,1
1 großes Lineal,1019,1
1 grün (Sachunterricht) mit Klarsichthülle darin,1017,1
1 grüner Umschlag (Beschriftung: Mathe),0,0
1 gute Bastelschere,1020,1
1 harter Bleistift (H oder HB),1004,1
1 hellblauer und 1 dunkelblauer Umschlag DIN A4,1061,1
1 kar. Collegeblock DIN A4,1013,1
1 kar. Collegeblock DIN A4 mit Doppelrand,1045,1
1 kariertes Heft DIN A4 mit Doppelrand,1045,1
1 kleiner Lappen oder Schwamm,0,0
1 kleiner Schwamm,0,0
"1 kleines Lineal, 15 cm",1038,1
1 lila (Religion) mit Klarsichthülle darin,1055,1
1 lin. Collegeblock DIN A4,1002,1
1 lin. Collegeblock DIN A4 mit Doppelrand,1044,1
1 rot (Deutsch) mit Klarsichthülle darin,1021,1
1 roter Schnellhefter,1015,1
1 roter Umschlag,1021,1
1 roter Umschlag (Beschriftung: Geschichtenheft),0,0
"1 schmaler Freiarbeits-Ordner mit Register und karierten und linierten Seiten, Farbe beliebig (nicht",0,0
"1 wasserlöslicher, dünner Folienstift",0,0
1 weicher Bleistift (z.B. 2B,0,0
1 x Eckspannmappe DIN A4 gelb(als Postmappe),1053,1
1 x Eckspannmappe DIN A4 rot (Hausaufgabenmappe),1049,1
"1 x Kopfhörer, die in der Schule bleiben können (für das IPad)",0,0
1 x Malblock DIN A4 (unliniert) nicht gelocht,1044,1
1 x Set mit bunten Knete Stangen,0,0
1 x blau für Mathe,1015,1
1 x braun für Geschichte,0,0
1 x gelb für Englisch,1053,1
1 x grün für Biologie,1017,1
1 x hellblau für Erdkunde,1060,1
1 x orange für Werte und Normen,0,0
1 x rot für Deutsch,1016,1
1 x schwarz für Physik,1054,1
1 x violett für Chemie,0,0
1 x weiß für Musik,1046,1
10-12	Wachsmalstifte,0,0
"10-12 Holzbunts4,e",0,0
12 Buntstifte,1005,12
15 € Kochgeld,0,0
"1Schreibheft DIN A 5, Lineatur 2",1044,1
"1x	Blankoheft	(ohne	Linien,	DinA5)",1034,1
1x	DIN	A3	Sammelmappe,0,0
1x	Hausschuhe,0,0
1x	Klebestift	(bitte	keine	bunten	Klebestifte	kaufen	und	keinen	Flüssigkleber),0,0
"1x	Malblock,	DIN	A	4	(einfache	Qualität)",0,0
1x	Radiergummi,1006,1
"1x	Rechenheft	(DinA5,	Lineatur	R,	große	Kästchen)",1034,1
1x	Schere	(Achtung:	Extrascheren	bei	Linkshänder),1034,1
1x	Schnellhefter	„Deutsch“	(rot),1016,1
1x	Schnellhefter	„Lernstandsanalysen“	(orange),0,0
1x	Schnellhefter	„Mathematik“	(blau),1015,1
1x	Schnellhefter	„Musik“	(gelb),1015,1
1x	Schnellhefter	„Religion“	(weiß),1046,1
1x	Schnellhefter	„Sachunterricht“	(grün),1017,1
"1x	Schreibheft	(DinA4,	Lineatur	1)",0,0
"1x	Schreibheft	(DinA5,	Lineatur	0)",1033,1
"1x	Schreiblernheft	(DinA4,	quer,	Lineatur	SL)",1002,1
1x	Spitzer	mit	Auffangbehälter,0,0
1x	Wechselkleidung,0,0
"1x	Zahlenlernheft	(DinA4,	quer,	Lineatur	ZL)",1002,1
"1x	Zeichenblock,	DIN	A	4",1014,1
1x	gelbe	„Postmappe“	(Eckspanner),1053,1
1x DIN A3 Zeichenblock,1014,1
"1x DIN A4 Rechenheft, ohne Rand,",1001,1
"1x DIN A4 Schreibheft, Lineatur 1 (mit farbigen",0,0
1x DIN A4 Umschlag blau,1023,1
1x DIN A4 roter Umschlag,1021,1
1x DIN A5 Schreibheft mit Lineatur (Mitteilungsheft),1035,1
1x Packung Post-It Streifen,0,0
1x Sammelmappe DIN A3 (für Kunstbilder),0,0
1x Schreiblernheft Lineatur SL (farbige Kontrastlineatur),1034,1
1x Stehordner,0,0
1x Vokabelheft,1003,1
"1x blau (Mathe),",1008,1
1x blauer Schnellhefter,1015,1
1x durchsichtiger Umschlag,0,0
"1x grün (Sachunterricht),",0,0
1x grüner DIN A4 Einband,1021,1
1x grüner Schnellhefter,1015,1
1x hellblauer Umschlag,1060,1
"1x lila (Religion/Ethik),",1055,1
1x lila Schnellhefter,1055,1
1x oranger DIN A4 Einband,1021,1
1x oranger Einband für das Vokabelheft,0,0
1x oranger Schnellhefter,1015,1
1x rot (Deutsch),1021,1
1x roter Schnellhefter,1015,1
1x roter Umschlag,1021,1
1x schwarz (Musik),1054,1
1x schwarzer DIN A4 Einband,1024,1
1x schwarzer Schnellhefter,1015,1
1x stapelbare Ablage,0,0
1x wasserlo ̈slicher Folienstift,0,0
1x weiß (Leistungsnachweise),1052,1
1x weißer DIN A4 Einband,1021,1
1x weißer Schnellhefter,1015,1
2	dicke	Bleistifte,1004,2
2	dicke	Dreikantbleistifte,1004,2
"2 Bleis4,e",1004,2
2 Bleistifte,1004,2
"2 Borstenpinsel (Nr. 4, 8)",1010,2
2 Borstenpinsel (Nr. 8 und 12),1010,2
"2 Eckspannmappen DIN A4 (Postmappe, Sammelmappe)",0,0
"2 Einlegemappen (1x Postmappe, 1x Farbe nach Wahl)",0,0
"2 Geschichtenhefte DIN A 5, quer",0,0
2 Haarpinsel (Nr. 6 und 10),1047,2
2 Hefte Nr. 25,1042,2
2 Klarsichtfolien,0,0
"2 Klebes4,e",0,0
2 Klebestifte,0,0
2 Klebestifte (ohne Glitzer und Farbe),0,0
"2 Klebestifte, 40g, farblos (Uhu oder Pritt)",0,0
"2 Schreibhefte DIN A5, Lineatur 1",1034,2
"2 dünne Bleistifte (weich, HB)",1004,2
2 gelbe Umschläge DIN A4,1024,2
2 große Klebestifte,0,0
"2 gute Radiergummi (keine Knete, Tierchen,etc.)",0,0
2 rote Umschläge (Beschriftung: Deutsch),0,0
2 x DIN A4,1001,2
"20 karierte Blätter ohne Rand in einem weißen Schnellhefter, 1 Musikheft",0,0
27),0,0
"2x	dicke,	weiche	Bleistifte		(am	besten	Dreiecksform	mit	Griffhilfe)",0,0
2x blauer DIN A4 Einband,1021,2
2x durchsichtiger Umschlag,0,0
2x roter DIN A4 Einband,1021,2
"3	Borstenpinsel	(Nr.	8,	12,	20)",1010,3
"3 Bleistifte (3x dick, je dreikant)",1005,3
3 Bleistifte HB+2B+4B; 1 Fineliner schwarz (z.B. Stabilo); Holzbuntstifte,1054,3
"3 Borstenpinsel (Nummer 6, 12, 18)",1010,3
"3 Borstenpinsel (dünn, mi%el, dick)",1010,3
3 Borstenpinsel 4/8/12,1010,3
"3 Borstenpinsel, Nr. 4, 8, 12",1010,3
3 Haargummis (bei langen Haaren),0,0
"3 Haarpinsel, Nr. 4, 6, 10",1047,3
3 Rechenhefte DIN A4 / Lineatur 28 mit zwei Rändern pro Seite - 1 Umschlag: blau,0,0
3 rote Heftumschläge DIN A4,1059,3
"30 cm langes, durchsichtiges Lineal",1038,30
3637015494 (wenn nicht schon in Klasse 9 geschehen),0,0
4	Prospekthüllen	(Bitte	in	jeden	Schnellhefter	eine	Prospekthülle	heften.),0,0
"4	Schnellhefter	(rot,	blau,	grün,	orange)",1016,1
"4	Schnellhefter	(rot,	blau,	grün,	orange)",1015,1
"4	Schnellhefter	(rot,	blau,	grün,	orange)",1017,1
"4	Schnellhefter	(rot,	blau,	grün,	orange)",1015,1
"4 Fineliner in rot, blau, grün, schwarz",1021,4
4190-9,0,0
5€ Kopierpapier (bi%e im Umschlag mit Namen,0,0
"6 Papp-Schnellhefter in rot, grün, blau, gelb, lila, weiß",1016,1
"6 Papp-Schnellhefter in rot, grün, blau, gelb, lila, weiß",1015,1
"6 Papp-Schnellhefter in rot, grün, blau, gelb, lila, weiß",1017,1
"6 Papp-Schnellhefter in rot, grün, blau, gelb, lila, weiß",1015,1
"6 Papp-Schnellhefter in rot, grün, blau, gelb, lila, weiß",1046,1
"6 Papp-Schnellhefter in rot, grün, blau, gelb, lila, weiß",1055,1
"6 Schnellhefter DIN A 4 aus Pappe in rot, blau, grün, weiß, orange, schwarz",1016,1
"6 Schnellhefter DIN A 4 aus Pappe in rot, blau, grün, weiß, orange, schwarz",1015,1
"6 Schnellhefter DIN A 4 aus Pappe in rot, blau, grün, weiß, orange, schwarz",1017,1
"6 Schnellhefter DIN A 4 aus Pappe in rot, blau, grün, weiß, orange, schwarz",1046,1
"6 Schnellhefter DIN A 4 aus Pappe in rot, blau, grün, weiß, orange, schwarz",1054,1
"6 Schnellhefter DIN A 4 aus Pappe in rot, blau, grün, weiß, orange, schwarz",1015,1
"6 dicke / Jumbo Buntstifte in gelb, rot, blau, grün, braun, schwarz",1021,6
6 dicke Buntstifte (z.B. Kiddi-Elefant oder Lyra – am besten bruchsicher),0,0
"7 Schnellhefter - gelb (Deutsch), blau (Mathe), grün (Sachunterricht), weiß (Religion), schwarz",1015,1
"7 Schnellhefter - gelb (Deutsch), blau (Mathe), grün (Sachunterricht), weiß (Religion), schwarz",1017,1
"7 Schnellhefter - gelb (Deutsch), blau (Mathe), grün (Sachunterricht), weiß (Religion), schwarz",1015,1
"7 Schnellhefter - gelb (Deutsch), blau (Mathe), grün (Sachunterricht), weiß (Religion), schwarz",1046,1
"7 Schnellhefter - gelb (Deutsch), blau (Mathe), grün (Sachunterricht), weiß (Religion), schwarz",1054,1
"8 Schreibhefte DIN A4 / Lineatur 2 - 7 Umschläge: gelb (Deutsch), orange (Merkheft),",1002,8
8 Wachsmalstifte,0,0
92546 Schmidgaden,0,0
978-3-12-521062-2,0,0
978-3-14-040821-9 (Ausgabe Bayern),0,0
A 4 (Lineatur 27),1044,1
AES,0,0
Abkleben	von	Ohrsteckern	mit.,0,0
Alle Materialien sind in den örtlichen Geschäften,0,0
Alles andere: nach Absprache mit den jeweiligen Lehrer(inenn).,0,0
"Alleskleber (z.B. UHU), Klebestift, 3 Bleistifte HB+2B+4B; 1 Fineliner schwarz",1054,1
Allgemein,0,0
Allgemeine Grundausstattung:,0,0
Allgemeines Ein	Federmäppchen	mit:,0,0
Alter Postweg 10 - 69 151 Neckargemünd –   (06223) 922 50    sekretariat.rs@verwaltung.sz-ngd.de,1059,1
Am 1. Schultag nach den,0,0
Ansage der Lehrkraft; Material in kleinem verschließbaren Mäppchen mit,0,0
Anschaffung eines zweisprachigen Wörterbuches + Empfehlung: Anschaffung,0,0
Anspitzer für 2 Stiftgrößen mit Behälter,0,0
Anzahl Material Größe Umschlag Verwendungszweck,0,0
Arbeitsheft,0,0
Arbeitsheft 1,0,0
Arbeitsheft Taschenrechner ab 9. Klasse,0,0
Arbeitshefte (Im Buchladen oder Schreibwarengeschäft besorgen!),0,0
Arbeitshefte:,0,0
Art/Anzahl →,0,0
Auch das Frühstück lässt sich in wiederverwendbare Behälter einpacken.,0,0
"Audios online, ISBN 978-3-06-121948-2",1038,1
Auf Vollständigkeit überprüfen und ggf. ergänzen,0,0
Aufbewahrungsbeutel mit,0,0
Aus der Grundschule kennen die meisten Kinder eine Elternpostmappe um,0,0
Außerdem:,0,0
Außerdem: Hausschuhe (mit Namen beschriften),0,0
"B2, 1 Sammelmappe DIN A3, Holzfarbstift und Filzstifte (Im",0,0
Badehose sowie eine Badekappe für den Schwimmunterricht benötigen. Genauere,0,0
Badekappe	aus	Gummi,0,0
Bastelmäppchen,0,0
Bastelmäppchen mit:Mäppchen mit:,0,0
Bastelsachen/ Kunstunterricht,0,0
Bastelschere,1020,1
Bayern),0,0
Bayern) ISBN 978-3-14-040823-3,0,0
Bedarf für technisches Zeichnen (Absprache am Anfang des,0,0
Beschriften Sie die Arbeitsbücher,0,0
Beschriftung von Name und Klasse (keine Schuhkartons).,1059,1
Beschriftungen: Beschriftungen:,0,0
Bibel Einheitsübersetzung 2016,0,0
Biologie,0,0
Biologie   dunkelgrün DIN A4 (kariert,1001,1
Bitte	beschriften	Sie	 alle 	Schulsachen	in	Druckschrift	und	gut,0,0
Bitte	beschriften	Sie	jeden	einzelnen	Gegenstand	auf	dieser	Liste	gut	sichtbar	mit	dem	Namen,0,0
Bitte 	 beschriften	Sie	jedes	Teil	mit	Namen 	und	bringen	Sie	alle	Materialien	zum	ersten,0,0
"Bitte Farbkasten, Pinsel, Wasserbehälter, Wachsmaler, Knete und 1 Klebestift  in",0,0
"Bitte beschrifte mit deinen Eltern alle deine Sachen mit deinem Vor-, Nachnamen und",0,0
Bitte beschriften Sie ALLES mit dem Namen Ihres Kindes!,0,0
"Bitte beschriften Sie alle Materialien (Bleistifte, Buntstifte, Malkasten, Sportsäck-",0,0
"Bitte denken Sie daran,",0,0
"Bitte denken Sie daran, auch die Arbeitsmittel der Schulbuchliste rechtzeitig zu",0,0
Bitte geben Sie Ihrem Kind in den ersten zwei Wochen nach den Sommerferien 10€ 10€,0,0
Bitte geben Sie Ihren Kindern alle Hefte und Arbeitshefte bereits am ersten Schultag mit.,0,0
Bitte keine Selbstklebefolie zum Einbinden der Bücher benutzen,0,0
Bitte nutzen Sie diesen Service!,0,0
Bitte stecken Sie alle (Arbeits-) Hefte in die zugehörigen,0,0
Bitte versehen Sie alle Materialien mit dem Namen Ihres Kindes.,0,0
Bitte versehen Sie alle Materialien mit dem Vor- und Nachnamen Ihres Kindes! (Hefte auf der,0,0
"Bitte versehen Sie alle Sachen (auch Stifte, Anspitzer, Mappen, Sportschuhe, ...) mit dem",0,0
Bitte wenden,0,0
Bitte überprüfen Sie die vorhandenen Materialien auf Vollständigkeit. Alle gut,0,0
Blanko ohne Rand (20),1056,1
Blätter herausnehmen)!,0,0
Blättern (Lineatur 27) oder 1 Heft DIN,1044,1
Blättern (Lineatur 27) oder 2 Hefte DIN,1044,1
Blättern -befindet sich evtl. noch in,0,0
Borsten,0,0
"Borstenpinsel (4, 8, 18)",1010,1
"Braun1   1    (Holz-) Malstifte: Grün, Braun, Blau, Rot, Gelb, Schwarz",1021,1
"Braun1   1    6 (Holz-) Malstifte: Grün, Braun, Blau, Rot, Gelb, Schwarz; Schere,",1021,1
"Braun1   1   6 (Holz-) Malstifte: Grün, Braun, Blau, Rot, Gelb, Schwarz; Schere, Klebestift;",1016,1
"Braun1   1   Alternativ: Ordner/Schnellhefter; 6 (Holz-) Malstifte: Grün, Braun, Blau, Rot,",1016,1
"Braun1   1   Alternativ: Ordner/Schnellhefter; 6 (Holz-) Malstifte: Grün, Braun, Blau, Rot,",1015,1
"Braun1   1   Alternativ: Ordner/Schnellhefter; 6 (Holz-) Malstifte: Grün, Braun, Blau, Rot,",1017,1
"Bücher von der Schulbuchausleihe beno ̈tigen einen Schutzumschlag mit dem Namen Ihres Kindes, ebenfalls in",0,0
Chemie,0,0
DIN A4 - Schreibblock,1024,1
DIN A4 Hefte  Alle Hefte ohne Rand!,1001,1
DIN A5 Hefte  Alle Hefte ohne Rand!,1039,1
"Da es uns ein wichtiges Anliegen ist, das Umweltbewusstsein unserer Kinder zu fördern, möchten",0,0
Dadurch	erleichtern	Sie	Ihrem	Kind	den	Schulalltag.,0,0
"Damit Sie in Ruhe die Arbeitsmaterialien für das 2. Schuljahr besorgen können, haben wir",0,0
"Damit wir nächstes Jahr gleich loslegen können, findest du hier alles, was du brauchst.",0,0
Das	Wichtigste	vorweg:,0,0
"Deckfarbenkasten mit 12 Farben, Deckweiß",1058,1
Deckfarbkasten 12 Farben (gern Pelikan) leere Farben auffüllen,1058,1
"Deckfarbkasten,	12	Farben+Deckweiß",1058,1
Deine Lehrerinnen,0,0
Deutsch,1002,1
Deutsch      rot,1021,1
"Deutsch 1	Oxford	Schreiblernheft	DIN	A4	quer,	Lineatur	SL",0,0
Deutsch 2x Heft DIN A4 liniert mit Rand,1042,2
"Deutsch 3 Hefte DIN A4 (liniert, mit Doppeland)",1042,1
Deutsch :,1002,1
Deutsch Die Hefte oder Mappen können weitergeführt werden!,0,0
Deutsch:,1002,1
Die	Schule	besorgt	außerdem	für	jedes	Kind	ein	einheitliches	Hausaufgabenheft	(der,0,0
Die Anschaﬀung eines Füllers Füllers werden wir am 1. Elternabend im neuen Schuljahr thematisieren.,0,0
Die Fachlehrer werden zu Beginn des neuen Schuljahres das für ihren Unterricht benötigte,0,0
Die FachlehrerInnen,0,0
"Die Stifte und Arbeitsmaterialien sollten eine Markierung haben,",0,0
Die Umschläge und Ordner für die einzelnen Fächer sollen die Farben wie in der Tabelle,0,0
Diese Materialien müssen (falls noch nicht vorhanden) von allen Eltern besorgt werden!,0,0
"Diesterweg-Verlag, ISBN 978-3-14-104011-1        27,25 €",0,0
Dosenspitzer,0,0
Dosenspitzer mit Beha ̈lter,0,0
Druckbuchstaben.,0,0
"Dunkelblau1  2    1 Zirkel, Geodreieck",0,0
Dunkelblau1  2   1 Zirkel; Geodreieck,0,0
E-Mai: sekretariat@mittelschule-Schmidgaden.de,0,0
EG 1 Schnellhefter rosa; Schürze; 20 € Kochgeld,0,0
Eigene E-Mailadresse zur Nutzung digitaler Lernangebote,0,0
Eigene E-Mailadresse zur Nutzung digitaler Lernangebote (Die Verwaltung der E -Mailadresse kann zunächst,0,0
Ein	Schlampermäppchen	mit:,0,0
"Elternabend	(Montag,	den	14.09.2026)	mit,	damit	alles	eingeräumt	werden	kann.",0,0
"Elternpostmappe wird auch in Klasse 6 benötigt. Material und Farbe beliebig, bzw.",0,0
Englisch,0,0
Englisch     hellblau 2 x DIN A4,1060,2
Englisch 1x Heft DIN A4 liniert mit Rand,1042,1
"Englisch 3 Hefte DIN A4 (liniert, Doppelrand)",1044,1
Englisch Die Hefte oder Mappen können weitergeführt werden!,0,0
Es gibt die Möglichkeit einer,0,0
Es sollte aber alles da sein!,0,0
Ethik,0,0
Ethik - Lila1 1    1,0,0
Ev tl . ein Malhemd,0,0
Fach Deutsch:,1002,1
Fach Englisch:,0,0
Fach Material,0,0
Fach Material Anmerkungen,0,0
Fach Mathematik:,1001,1
Fach/Farbe,0,0
Falken-Grundschule Markt Schwaben,0,0
"Farben – alles außer rot), 1 wasserlöslicher Folienstift (Stärke F, blau oder",1016,1
Federmappe,0,0
Federmäppchen:,0,0
Federtasche,0,0
Federtasche gefüllt:   2 dicke / Jumbo Bleistifte,0,0
Ferien bitte das Zeugnis,0,0
"Filzs4,e",0,0
Filzstifte,0,0
Filzstifte	(dick/dünn),0,0
Flat File,0,0
Folgende	Materialien	braucht	Ihr	Kind	im	ersten	Schuljahr:,0,0
Folgende Materialien müssen wieder eingepackt/ersetzt/neu besorgt werden:,0,0
Französisch,0,0
Frau Wistof,0,0
Fächerüber-,0,0
Für	den	Sportunterricht:,0,0
Für	die	Besorgung	der	Materialien	danken	wir	Ihnen	vielmals!,0,0
Für Deutsch: LIN 3,1002,1
Für Frau Harkcoms Klasse gilt:,0,0
Für HSU: LIN 3,1036,1
Für Kunst: (Gut erhaltene Materialien aus der 2. Klasse können weiterverwendet werden),0,0
Für Mathematik:,1001,1
Für Musik:,0,0
"Für alle Klassen: Füller, Lineal, Bleistift, Farbstifte, Kleber, Schere",1034,1
"GPG 1 Hefte DIN A4 (kariert, Doppelrand)",0,0
GPG 1x Heft DIN A4 liniert mit Rand,1042,1
GPG Die Hefte oder Mappen können weitergeführt werden!,0,0
"Geben	Sie	Ihrem	Kind	bei	Bedarf	ein	Brillenetui,	Haargummi	oder	Pﬂaster	zum",0,0
Geben Sie alle Materialien bitte mit dem Namen beschriftet am ersten Schultag,0,0
"Gelb, Schwarz; Schere, Klebestift; Geodreieck",1053,1
Gelb1    1  1,0,0
"Gelb1    1 1 Vokabelheft oder Karteikarten, A plus nouvelle édition Band 5  Carnet",1041,1
"Gelb1    1 1 Vokabelheft oder Karteikarten, Découvertes Transition  Cahier d'activités ISBN",1040,1
Geodreieck,1011,1
Geodreieck),1011,1
Geographie,0,0
Geographie   braun DIN A4 (kariert,1001,1
Gerne Schnellhefter/dünnen Ordner,0,0
Gerne alles vom letzten Jahr,0,0
Geschichte,0,0
Geschichte - Grau1   1  1,0,0
Gesellschaft   1  1,0,0
"Glas), abgerundete Schere, Klebestift, 1 Küchenpapierrolle, 1",0,0
Gmeinschaftskunde,0,0
Go-Ahead Vokabelheft DIN A5 2 Spalten,1035,1
Grau1 1     1,0,0
Grundschule Markt Schwaben   30.06.2025,0,0
Grün1    1  1 DIN A5 Vokabelheft oder Karteikarten; On Track 3 Workbook (Ausgabe,1040,1
Grün1    1  1 DIN A5 Vokabelheft oder Karteikarten; Workbook zu On Track 1 ISBN,1040,1
Grün1    1 1,0,0
Grün1    1 1 Zweisprachiges Wörterbuch + Empfehlung: Einsprachiges Wörterbuch,0,0
Gut erhaltene Dinge aus der 1. Klasse können selbstverständlich weiterhin verwendet werden.,0,0
Gut erhaltene Materialien aus der 2. Jahrgangsstufe können einfach in die 3. Klasse mit,0,0
"Gut erhaltene Sachen aus der dritten Klasse (Umschläge, Schnellhefter, Kunstmaterial",0,0
Gymnasium Trudering,0,0
HSU,0,0
Haargummi	bei	langen	Haaren,0,0
Haargummis (bei langen Haaren),0,0
"Haarpinsel in verschiedenen Stärken, 1 Zeichenbleistift B3 oder",0,0
Hallenschuhe,0,0
Hausaufgabenheft (nicht notwendig für gebundenen Ganztag),0,0
Hausschuhe,0,0
Heft DIN A4,1001,1
Hefte,0,0
Hefte 	müssen	Sie	 nicht 	besorgen.	Sie	werden	als	Sammelbestellung	von	der,0,0
Hefte DIN A4,1001,1
Hefte o.ä.,0,0
"Hefte, Blöcke, Mappen, Umschläge",0,0
Hefte.,0,0
Hefte/ Blöcke:,0,0
"Hefte: (Bitte keine Doppelhefte, außer in Religion und Ethik)",0,0
Hefter bitte vorher leeren.,0,0
Heimat- und Sachunterricht:,0,0
"Hellblau1    2  1 Vokabelheft oder Karteikarten + Kasten, fakultativ: Campus Training 2-",1046,1
Hellblau1 1    (1),0,0
Hellblau1 1    (1) Vokabelheft; weitere Nutzung des Schnellhefters,1034,1
Herzliche Grüße,0,0
Herzlichen Dank für Ihre Mitarbeit!,0,0
Herzog	Christian	Grundschule,0,0
Hinweis:,0,0
"Holzbuntstift Sortiment (12 Stück, dick und dreikant)",0,0
Holzmalstifte,0,0
Holzstifte,0,0
Homepage: www.mittelschule-schmidgaden.de,0,0
"ISBN 978-3-14-106313-4, für 10,50 €  transparenter Umschlag",0,0
"ISBN 978-3-425-01312-1, für 11,95 €  transparenter Umschlag",0,0
ISBN: 978-3-12-162105-7),0,0
ISBN: 978-3-96081-054-4,0,0
IT schwarz  ja,1054,1
"Ich bedanke mich für die vertrauensvolle Zusammenarbeit, wünsche Ihnen allen eine erholsame Zeit",0,0
"Ihnen eine Materialliste erstellt. Schnellhefter, sowie Umschläge für die Bücher brauchen",0,0
Ihr Team der Erstklasslehrerinnen im Schuljahr 2025/2026,0,0
Ihre Kerstin Lilienfein,0,0
Ihre LehrerInnen der dritten Klassen,0,0
Ihres	Kindes.	Auch	alle	Bücher	von	der	Schulbuchliste	müssen	außen	auf	dem	Deckblatt	mit,0,0
Ihres Kindes.,0,0
Im Federmäppchen,0,0
Im Laufe des Schuljahres werden die Kinder noch einen Füller und einen Badeanzug/eine,0,0
Im Malkarton,1013,1
Im Schlampermäppchen,0,0
"Im Schnellhefter kariertes Papier mit Rand ; Schere, Klebestift, Holzmalstifte;",0,0
"Im Schnellhefter kariertes Papier mit Rand; Schere, Klebestift, Holzmalstifte;",0,0
Im Schulranzen,0,0
Im Turnbeutel,0,0
In allen Fächern werden die folgenden Materialien benötigt:,0,0
In einem Kasten (z. B. Schuhkarton):,1059,1
Info Die Hefte oder Mappen können weitergeführt werden!,0,0
Informatik 1     1 USB Stick 8 GB (siehe oben),0,0
Informatik 1    1 USB-Stick mind. 8 GB (siehe oben),0,0
Informatik 1 Schnellhefter orange,0,0
Informatik WF,0,0
Informationen erhalten Sie hierzu auf dem 1. Elternabend im neuen Schuljahr.,0,0
Innenseite). Binden Sie die Hefte bereits mit den entsprechenden Umschlägen ein.,0,0
"Jandorf-Verlag, Best.Nr.: 1002, ISBN 978-3-939965-70-1     3,90€",0,0
"Jandorf-Verlag, Best.Nr.: 1006, ISBN 978-3-939965-74-9       5,60 €",0,0
Kabelloser Kopfhörer,0,0
Kariert Doppelrand (28),1045,1
Kariert mit Rand (26),1043,1
Kariert ohne Rand (22),1001,1
"Kaufen Sie bitte gute „Markenprodukte“, da Qualitätsunterschiede deutlich zu merken sind. Dies",0,0
Kind lediglich ein Mäppchen und einen Block.,0,0
Kindes Kindes in gut leserlichen,0,0
"Kindes in DRUCKBUCHSTABEN, Bücher und Hefte bitte immer vorne in der oberen rechten Ecke!",0,0
Kittel (z.B. altes Hemd),0,0
Klasse 1e,1001,1
"Klasse 2, Materialliste für das Schuljahr 2025/2026",0,0
Klassenarbeiten,1015,1
Klebestift	(bitte	keine	farbigen	Klebestifte),0,0
Klebestift; Geodreieck,1011,1
Knete,0,0
Kontrastlinien).,0,0
Kostenbeitrag	von	2€	wird	über	die	Klassenkasse	bezahlt).,0,0
Ku 1x Zeichenblock DIN A 3,1014,1
Kunst,0,0
"Kunst 1	Zeichenblock,	DIN	A3	(Blätter	beidseitig	befestigt)",1014,1
"Kunst 1 Zeichenblock DIN A3, 1 Deckfarbenkasten, Borstenpinsel und",1014,1
Kunst Die Hefte oder Mappen können weitergeführt werden!,0,0
Kunst  1 Zeichenblock A3 und A4,1062,1
Kunst:,0,0
L I S A    M U S T E R,0,0
Lappen,0,0
Latein,0,0
Lehrerin	gekauft.,0,0
Lehrkraft ausgeteilt. Notenzeilenhefte können verwendet werden.,0,0
Liebe Eltern der zukünftigen 2. Klässler!,0,0
"Liebe Eltern,",0,0
Lila1      1 Im Schnellhefter kariertes oder liniertes Papier mit Rand,0,0
Lila1     1 Im Schnellhefter kariertes oder liniertes Papier mit Rand,0,0
"Lila1    1  1 Schere, Klebestift, Holzmalstifte",0,0
Lila1 1     1,0,0
"Lineal 15 cm lang, durchsichtig (aus festem Material,",1038,1
Lineatur 27),1044,1
Lineatur 7.,1002,1
Liniert mit Rand (25),1042,1
Linksha ̈nder),0,0
"Linkshänderschere,	sowie	eine	abgerundete	Spitze	achten),",1034,1
Lutherbibel,0,0
Malerkittel	(z.B.	altes	Hemd),0,0
"Malkasten mit 12 Farben, Synthetikhaarpinsel rund Größe 6+12,",0,0
Malkittel	oder	altes	Hemd,0,0
Malkittel (z.B. altes Herrenhemd etc.),0,0
"Mallappen, 1 Schnellhefter, Karton oder Box zur Aufbewahrung",0,0
Mappe für fertige Kunstwerke,0,0
Material (auch eine DIN A3 Zeichenplatte),1014,1
Material selbst bekannt geben.,0,0
Materialgeld: 15 €,0,0
Materialgeld: 20 €,0,0
Materialien: Materialien:,0,0
Materialliste	Klasse	1,0,0
Materialliste	der	Klassen	1a/1b/1c,0,0
Materialliste	für	das	1.	Schuljahr,0,0
Materialliste 5. Klasse,0,0
Materialliste Jahrgangsstufe 10,0,0
Materialliste Jahrgangsstufe 11,0,0
Materialliste Jahrgangsstufe 5,0,0
Materialliste Jahrgangsstufe 7,0,0
Materialliste Klasse 1 für das Schuljahr 2026/2027,0,0
Materialliste Klasse 2,0,0
Materialliste Klasse 2 Regelbereich Schuljahr 2025/26,0,0
Materialliste Klasse 5,0,0
Materialliste Klasse 7,0,0
Materialliste für Klasse 10 – Schuljahr 2024-2025,0,0
Materialliste für Klasse 2,0,0
"Materialliste für Klasse 2  Gut erhaltene Materialien aus diesem Schuljahr (z.B. Schnellhe7er, Umschläge, Wasserfarben, …) können gerne weiterverwendet werden.  BiEe alle Materialien mit Namen beschri7en!  Deutsch  o 1 roter Schnellhe7er (mit Klarsichthülle) o 1 orangener Schnellhe7er (mit Klarsichthülle) o 1 DIN A4 He7 (doppelt – 32 BlaE) mit Lineatur 2 ohne Rand mit rotem Umschlag o 1 DIN A4 Geschichtenhe7 mit Lineatur 2G mit orangenem Umschlag  BiEe achten Sie darauf, dass die Lineatur der Deutschhe7e farbig hinterlegt ist.  Mathema,k o 1 blauer Schnellhe7er  o 1 gelber Schnellhe7er (mit Klarsichthülle)  o 1 DIN A4 He7 kariert Nr. 7 mit hellblauem Umschlag  Sachunterricht – Musik – Kunst – Sport o 1 grüner Schnellhe7er (mit Klarsichthülle) o 1 weißer Schnellhe7er für Musik o 1 Zeichenblock DIN A3 (Block bleibt im Klassenzimmer) o Sportkleidung: T-Shirt, Hose lang/kurz, Hallenschuhe – keine Turnschläppchen, ggf. Haargummi (BiEe alles zum ersten Sportunterricht mitbringen) Im 2. Schuljahr ﬁndet Schwimmunterricht staE. Ihr Kind braucht dazu Schwimmkleidung (Badeanzug oder Badehose, Handtuch, Schwimmbrille wer möchte).  Sons,ges o 1 DIN A4 He7 mit lilafarbenem Umschlag für Religion (bleibt im Klassenzimmer) o Mäppchen mit 2 Bleis_7en, Radierer, Spitzer, Bunts_7en und kleines Lineal o 1 non-permanent Foliens_7 in schwarz mit Schwämmchen o Schere und Klebs_7 o Hausschuhe",1021,1
Materialliste für Klasse 6 – Schuljahr 2026-2027,0,0
Materialliste für Klasse 7 – Schuljahr 2026-2027,0,0
Materialliste für Klasse 8 – Schuljahr 2024-2025,0,0
Materialliste für das 1. Schuljahr,0,0
Materialliste für die 1. Klassen,0,0
Materialliste für die 2. Klasse - Schuljahr 2025/26,0,0
Materialliste für die 2. Klassen               Schuljahr 2025/26,0,0
Materialliste für die 3. Klassen im Schuljahr 2025/26,0,0
Materialliste für die 4. Klasse,0,0
Materialliste für die 5. Klasse,0,0
Materiallisten für die 6. Klasse,0,0
Materiallisten für die 8. Klasse,0,0
Mathe,0,0
"Mathe 1	DIN	A4,	Rechenheft	Nr.7",0,0
Mathe 2x Heft DIN A4 kariert mit Rand,1043,2
Mathe heute,0,0
Mathe:,0,0
Mathematik,1001,1
"Mathematik 3 Hefte DIN A4 (kariert, Doppelrand)",1045,1
Mathematik Die Hefte oder Mappen können weitergeführt werden!,0,0
Mathematik orange,1001,1
"Mi%eilungshe,",0,0
Mittelschule Schmidgaden,0,0
Musik,0,0
Musik 1	oranger	Schnellhefter	aus	Pappe,0,0
Musik grau,0,0
Musiktheorieheft wieder mitbringen. Notenzeilenpapier wird von der,0,0
Mäppchen,0,0
Mäppchen	und	Inhalt:,0,0
"Mäppchen mit Füller oder  ähnlich geeignetem  Schreibstift, Bleistift, Spitzer,",0,0
"Mäppchen mit Füller oder ähnlich geeignetem Schreibstift, Bleistift, Spitzer,",0,0
"Mäppchen mit Füller oder ähnlich geeignetem Schreibstift, Bleistift, Spitzer, Radiergummi,",0,0
Mäppchen mit folgendem Inhalt: Mäppchen mit folgendem Inhalt:,0,0
Mäppchen:,0,0
"Mäppchen?), 1 schwarzer Fineliner, 1 standfester Malbecher (kein",1044,1
"NT 1 Hefte DIN A4 (kariert, Doppelrand)",0,0
NT 1x Heft DIN A4 liniert mit Rand,1042,1
NT Die Hefte oder Mappen können weitergeführt werden!,0,0
Namen Ihres Kindes!!!,0,0
Namen.,0,0
Neubearbeitung: Lateinisch-deutsches Schulwörterbuch ISBN-13: 978-,0,0
Notenheft DIN,0,0
NuT,0,0
NuT Biologie,0,0
"Nur da, wo etwas fehlt oder nicht mehr funktionsfähig ist, sollten Sie bitte nachbessern",0,0
"Orange1  1    1 Geodreieck, Schere, Klebestift, Buntstifte",1005,1
"Orange1 1     1 Im Schnellhefter kariertes Papier mit Rand; Schere, Klebestift,",0,0
PELIKAN  mit großer  Tube Deckweiß,1058,1
Paket Deutsch 1 in Grundschrift,0,0
Papp-,0,0
Physik,0,0
"Physik - Orange1  1   1 Geodreieck, Schere, Klebestift, Buntstifte",0,0
"Pink1 1     Schere, Klebestift, Holzmalstifte",0,0
Pinselset	(Borsten	+	Haarpinsel),1047,1
Plastikumhüllung um jeden Stift,0,0
Politik und,0,0
Postmappe DIN A4 (Eckspanner),1050,1
Postmappe DIN A4 (Eckspanner) + Hausaufgabenheft,0,0
RS NGD – Materialliste für Klasse 10,0,0
RS NGD – Materialliste für Klasse 6,0,0
RS NGD – Materialliste für Klasse 7,0,0
RS NGD – Materialliste für Klasse 8,0,0
Radiergummi,1006,1
"Radiergummi, Schere, Holzbuntstifte, Klebestift, Ge odreieck  sowie einem",0,0
"Radiergummi, Schere, Holzbuntstifte, Klebestift, Geodreieck. Bitte immer wieder",0,0
Rand,1001,1
Rand (Lineatur 27),1002,1
Rand),1001,1
Religion,0,0
Religion / Ethik:,0,0
Religion 1	weißer	Schnellhefter	aus	Pappe,0,0
Religion 1 Schnellhefter weiß,1046,1
Religion 1x braunen Schnellhefter,0,0
Religion Die Hefte oder Mappen können weitergeführt werden!,0,0
Religion Ev,0,0
Religion K,0,0
Religion K - Lila1    1 1 Schere; Klebestift; Holzmalstifte,0,0
Religion ev.,0,0
Religion ev. lila DIN A4 (kariert,1055,1
Religion rk lila DIN A4 (kariert,1055,1
Reservematerial:,0,0
Ringbuchordner,0,0
Ringbuchordner  mit Trennblättern für jedes Fach,0,0
"Rot1    2  1 Deutschbuch 5 - Arbeitsheft mit interaktiven Übungen, ISBN 978-3-06-",0,0
"Rot1    2  1 Deutschbuch 7 - Arbeitsheft mit interaktiven Übungen, ISBN 978-3-06-",0,0
Rot1    2 1,0,0
Sachunterricht 1	grüner	Schnellhefter	aus	Pappe,0,0
"Sachunterricht,	Musik,	Religion",0,0
Sammelbestellung am Schuljahresanfang.,0,0
Sammelmappe	A4	Eckspanner	(Farbe	frei	wählbar),0,0
Sammelmappe A3 (ausgeleert),0,0
"Schere,	Kleber	und	Filzstifte	können	in	einem	anderen	Mäppchen	(z.B.",0,0
"Schere, Holzbuntstifte, Klebestift, Geodreieck. Bitte immer wieder auf Vollständigkeit",0,0
"Schere, Klebestift, Geodreieck",0,0
Schlampermäppchen gefüllt: 1 Bastelschere (spitz),0,0
Schlampermäppchen mit folgendem Inhalt: Schlampermäppchen mit folgendem Inhalt:,0,0
Schlampermäppchen:,0,0
Schnellhefter,1015,1
Schnellhefter DIN A4:,1015,1
Schnellhefter aus Klasse 6 mit kariertem Papier und das blaue,0,0
Schnellhefter  1 rot (Deutsch),1016,1
Schnellhefter:,1015,1
Schnellhefter: Bitte heften Sie in jeden Schnellhefter eine Klarsichthülle.,0,0
"Schreibblock	DIN	A4,	Lineatur	Kl.1,	farbig	hinterlegt	(z.B.	Kieser	Block	01)",1002,1
"Schreibblock DIN A4, Lineatur 2 (z.B. Kieser-Block 02)",1002,1
"Schreibhefte in Lineatur 1), können diese gerne weiter genutzt werden.",1034,1
Schulbeginn nach jeden Ferien.,0,0
Schule angeschaﬀt) mit. Danke!,0,0
Schuljahr	2025/2026Mappen:,0,0
Schuljahr 2024/2025,0,0
Schuljahr 2026/2027,0,0
Schuljahres mit dem Fachlehrer):,0,0
Schuljahresbeginn über,0,0
Schuljahresbeginn über die,0,0
Schulstraße 1,0,0
Schwarz1    1 1 Vokabelheft oder Karteikarten,1040,1
"Schwarz1    1 1 Vokabelheft oder Karteikarten; Encuentros Hoy, Cuaderno de ejercicios mit",1040,1
Schwarz1   1   Alternativ: Ordner/Schnellhefter,0,0
"Schwarz1   1   Schere, Klebestift, Farbstifte, Geodreieck",0,0
"Schwarze Filzstifte (einer dick, einer",0,0
Schwimmen Tasche	mit	Badehose/Badeanzug	und	Handtuch,0,0
"Schöne, erholsame Ferien und herzliche Grüße",0,0
Schülerbuch 1,0,0
"Sehr geehrte Eltern,",0,0
Seite	1	von	2,0,0
Seite	2	von	2,0,0
"Seitenmarker/Ha,no4zze%el (klein)",0,0
Selberschreiben Bd. 2 ISBN 978-3-06-122186-7,0,0
Selbstverständlich kann vorhandenes,0,0
Sie nur nach Bedarf neu kaufen (bitte aber neu beschriften und bei den Schnellheftern die,0,0
Sohle,0,0
"Sohle,	am	besten	Klettverschluss)",0,0
Sollten Materialien schon aus dem 1. Schuljahr vorhanden sein (auch,0,0
Sonstiges,0,0
Sonstiges:,0,0
Sonstiges: 1 Hausaufgabenheft + Umschlag transparent,1062,1
Soziales Schürze,0,0
Spanisch,0,0
Sport,0,0
"Sport         Hallenschuhe, Sporthose und",0,0
Sport   angemessene Sportkleidung,0,0
"Sport Sporttasche	mit	Sporthose,	T-Shirt	und	Turnschuhe	mit	abriebfester",0,0
Sport:,0,0
Sportbekleidung	(Hose	+	T-Shirt),0,0
Sportbeutel gefüllt: Hallenturnschuhe (im Sommer auch Outdoor-Sportschuhe),0,0
Sportbeutel mit folgendem Inhalt:,0,0
"Sporthose,    T-Shirt,    feste",0,0
Sportkleidung,0,0
Sportzeug:,0,0
Stadion,0,0
"Synthetikhaarpinsel flach Größe 6+12, Alleskleber (z.B. UHU), Klebestift,",0,0
"Synthetikhaarpinsel rund Größe 6+12, Synthetikhaarpinsel flach Größe 6+12,",0,0
T-Shirt,0,0
Tabelle haben.,0,0
Technik,0,0
Technik 1 lila Schnellhefter,1055,1
Technik 8. Klasse:,0,0
Tel. 09435/2546,0,0
Textmarker gelb radierbar (z. B. PILOT Frixion),1053,1
"Textmarker.  Bitte immer wieder auf Vollständigkeit überprüfen,  vor allem auch zu",0,0
"Thema aussuchen, z.B. Lesetraining für Pferdefans, Lesetraining für Krimifans …",0,0
Tischset	(abwaschbar)	als	Mal-	und	Kentunterlage	(min.	DIN	A3	groß),1014,1
Transparent1,0,0
Trinkflasche und Brotdose,0,0
Turnbeutel,0,0
Turnbeutel (beschriftet) mit folgendem Inhalt: Turnbeutel (beschriftet) mit folgendem Inhalt:,0,0
Turnbeutel mit Turnkleidung,0,0
"Turnbeutel mit Turnschuhen, Turnhosen und T-Shirt",0,0
Turnhose,0,0
Turnhose / Radler,0,0
Turnhose und T-Shirt,0,0
Turnsachen mit dem Namen Ihres Namen Ihres,0,0
Turnschläppchen),0,0
"Turnschuhe	mit	heller	Sohle	(Bitte	Schuhe	besorgen,	die	ihr	Kind	selbstständig",0,0
Turnschuhe (helle Sohle),0,0
Turnschuhe kaufen.),0,0
Turnschuhe mit abriebfester (oder,0,0
Turnschuhe mit heller Sohle,0,0
Turntasche,0,0
Umschlag (orange),1021,1
Umschlag!) zur Abgabe für,0,0
Umschlag: lila DIN A4,1021,1
Umschlagfarbe Heft Schnellhefter Arbeitsheft sonstige Materialien,0,0
Umschläge und beschriften Sie diese in Druckschrift.,0,0
Umschlägen einzubinden.,0,0
Versehen Sie bitte ALLE ALLE Materialien,0,0
Versehen Sie ebenso alle Arbeitshefte auf dem Umschlag vorn mit dem Namen,0,0
Viele Grüße,0,0
Viele Sachen werden gleich zu Anfang eingesammelt und bleiben in der Schule.,0,0
Vielen	Dank!,0,0
Vielen Dank! Vielen Dank!,0,0
Vokabelheft oder Karteikarten; A plus nouvelle édition Band 2 Carnet,1045,1
Vokabelheft; weitere Nutzung des Schnellhefters; Kaufempfehlungen,0,0
Vokabelkartei,1013,1
Vom Wort zum Text - Anfangslesen,0,0
WBS,0,0
WG Die Hefte oder Mappen können weitergeführt werden!,0,0
WG Material wird von Lehrkraft besorgt.,0,0
"Wachsmals4,e",0,0
Wachsmalstifte,0,0
Wachsmalstifte	(z.B.	Jaxonkreide	12	Stück),0,0
"Wahl möglich, einige karierte Blätter",1013,1
Wasserbecher,0,0
Wasserbehälter	(eventuell	zum	Befestigen),0,0
Wasserbehälter (kein Glas),0,0
Wasserfarbenkasten,0,0
Weitere Arbeitsmaterialien:,0,0
Weitere Materialien:,0,0
Weiteres Material – wie in Klasse 1,0,0
Weiß1      1,0,0
Weiß1     1 Schnellhefter oder Ordner,0,0
Weiß1 1    1,0,0
"Westermann-Verlag, ISBN 978-3-14-105591-7       7,95 €",0,0
"Westermann-Verlag, ISBN 978-3-14-105601-3        22,95 €",0,0
"Westermann-Verlag, ISBN 978-3-14-105611-2         9,95 €",0,0
"WiB 1 Heft A4 (kariert, Doppelrand)",0,0
WiB 1x Heft DIN A4 liniert mit Rand,1042,1
WiB Die Hefte oder Mappen können weitergeführt werden!,0,0
WiK Die Hefte oder Mappen können weitergeführt werden!,0,0
"Wichtig! Bitte prüft, was vom Vorjahr noch brauchbar ist. Nicht alles muss",0,0
Wichtig: Bitte achten Sie beim Kauf der Hefte und Blöcke auf die Lineatur der Klasse 3 (Lin 3),1036,1
Wir benötigen:,0,0
Wir freuen uns auf das kommende Schuljahr mit dir und wünschen dir und deiner Familie,0,0
Wir freuen uns auf eine gute Zusammenarbeit!,0,0
Wir wünschen Ihrem Kind und Ihnen einen schönen Sommer und einen guten Schulanfang!,0,0
Wirtschaft 1 Schnellhefter,1015,1
Wirtschaft&Recht,0,0
Workbook mit Audios Klasse 10 ISBN 978-3-12-803065-4,0,0
Ziffernschreibkurs 1” (Klett Verlag,0,0
abgerundete Bastelschere,1020,1
abheften),0,0
"abwischbarer	Folienstift	(non-permanent,	M,	schwarz)",1054,1
"anbei die Materialliste, die bis zur 2. Schulwoche besorgt werden sollten. Am ersten Schultag benötigt Ihr",0,0
anziehen	kann),0,0
"auf Vollständigkeit überprüfen, vor allem auch zu Schulbeginn nach jeden Ferien.",0,0
bald ist es soweit – Ihre Kinder werden eingeschult! Damit der Schulstart gelingt und alle Kinder,1038,1
benutzt werden.,0,0
benötigten Materialien,0,0
beschafft (siehe Schulbuchliste).,0,0
"beschri,et abgeben)",0,0
besorgen:,0,0
bestellen. Der Schulplaner (Hausaufgabenheft) wird von der GS Bakede,0,0
bitte auf dem Namensfeld (falls,0,0
"bitte beschriften Sie ALLE Materialien (auch Stifte, Sportbeutel,...) bereits mit dem Namen Ihres",0,0
blauer Tintenroller zum Radieren (z.B. Frixion Ball),0,0
bzw. auffüllen. Bitte beschriften Sie alle Teile mit dem Namen Ihres Kindes.,0,0
ca.	12	dicke	Holzfarben,0,0
"ca. 15-20 Blättern DIN A 4, liniert mit",1042,1
"ca. 15-20 Blättern DIN A4, liniert mit",1042,1
"chen, Jacken, Hausschuhe …) gut lesbar mit Namen.",0,0
d'activités ISBN 978-3-464-24739-6; Meine Grammatik zum,0,0
d'activités ISBN 978-3-464-24743-3,0,0
dass auf ALLEN Dingen der NAME Ihres Kindes steht!,0,0
"deiner Klasse. Außerdem wäre es sehr hilfreich, die Hefte bereits mit den entsprechenden",0,0
dem	Namen	versehen	werden.,0,0
der Schule?,0,0
der oberen rechten Ecke!,0,0
dicke	Buntstifte,1005,1
dicke	Holzbuntstifte	(am	besten	Dreiecksform	mit	Griffhilfe),0,0
dicke Stifte),0,0
die Kinder können und sollten die Materialien aus dem 1. Schuljahr weiter benutzen.,0,0
dreikantige Wachsmalstifte (8 Stück) ohne,0,0
durch die Eltern erfolgen und später an das Kind übergeben werden.),0,0
dünn schreibend),0,0
dünne	Stifte.Sonstiges:,0,0
ebensolche Haarpinsel,1047,1
ein Paar Ersatz-Socken,0,0
einem kleinen Schuhkarton mitbringen.,1059,1
einer	Kinderschere,0,0
eines einsprachigen Wörterbuches; Workbook Green Line 6. Ausgabe Bayern.,1038,1
"erhaltenen Materialien aus der 1. Klasse können weiter genutzt werden, auch die",0,0
etc.) können selbstverständlich wiederverwendet werden.,0,0
evtl. neu mit Namen,0,0
für	dicke,0,0
"für 8,25 €  transparenter Umschlag",1062,1
für Arbeitsmaterialien und das gemeinsame Hausaufga benheft für Arbeitsmaterialien und das gemeinsame Hausaufgabenheft (wird von der,0,0
ggf.	Haargummi,0,0
"grau (Lernzielkontrolle), orange (Religion/Praktische Philosophie), schwarz, gelb",1053,1
greifend,0,0
haben.,0,0
iPad-Klassen:,0,0
in einer Klarsichthülle mit in die Schule.,0,0
informieren zu,0,0
ist erfolgversprechender für Ihre Kinder und letztendlich kaufen Sie dadurch auch günstiger.,0,0
ja Deutschbuch,0,0
ja Herlitz A4,1060,1
ja ab Klasse,1001,1
je	einen,0,0
je nach Grundschule wie gewohnt.,0,0
kariert,1001,1
kariert mit Rand,1041,1
karierten Blättern,1013,1
kein	Flüssigkleber),0,0
keine Filzstifte!,0,0
"klappbares Periodensystem der Elemente, Oldenburg Verlag ISBN 978-3-7627-",0,0
kleines	Lineal	(15	cm),1038,1
"kleines Lineal, 1 Radiergummi, 1 Geodreieck, Fineliner (schwarz und 2 weitere",1054,1
kleines Schwa ̈mmchen/Lappen/Spültuch,0,0
kontrollieren/ säubern und,0,0
"kurzes, durchsichtiges Lineal",1038,1
langen Haaren),0,0
linierten Blättern,1036,1
mit,0,0
mit Rand),0,0
mit Rand) ja  Diercke 2 Weltatlas,0,0
mit karierten Blättern,1013,1
mitbringen),0,0
mitbringen.,0,0
neu angeschafft werden.,0,0
"neu, Buchner Verlag, ISBN 978-3-661-41017-3",0,0
nicht biegsam),0,0
nicht farbig),0,0
noch in Ordnung sind.,0,0
notwendig für gebundenen Ganztag),0,0
"o Sportshirt, Sporthose, möglichst hochwertige Turnschuhe mit heller Sohle",0,0
oder kariertem Collegeblock,1013,1
"pinsel	(dünn,	mittel,	dick)",0,0
"rechts oben, um beim Austeilen ein",0,0
"rot (Diktat), grün (Sachunterricht), weiß (Religion), grau (Freies Schreiben), lila (Lernwörter)",1016,1
schnelles Zuordnen zu ermöglichen.,0,0
schwarz),1054,1
"schwarz), 1 Textmarker (egal welche Farbe), 1 Zirkel",1054,1
schwarzer Filzstift (Stabilo pen 68),0,0
schöne Ferien!,0,0
sichtbar	mit	dem	Namen	Ihres	Kindes.,0,0
"sofort gut mitarbeiten können, müssten Sie noch folgende Materialien bis zum Schulstart",0,0
sowie auf die passende Kästchengröße der karierten Hefte (kein Großkaro).,1040,1
stets 2 Päckchen Papiertaschentücher im Schulranzen,0,0
und,1040,1
und	einem	Anspitzer	mit	Behälter,0,0
und Hausheft),1002,1
und den Einband bitte nicht am Buchdeckel festkleben.,0,0
und freue mich auf das neue Schuljahr!,0,0
und gelocht),0,0
und transparent,1011,1
unterschrieben,0,0
"verschiedene Stärken, Becher, Schwamm, Malerkittel, Schuhkarton",1059,1
verschließbaren Mäppchen mit Beschriftung von Name und Klasse.,0,0
versehen!,0,0
vom letzten Jahr weiterverwenden.,0,0
vorhanden) oder auf der Vorderseite,0,0
weitere Materialien,0,0
weiteres Material nach Ansage der Lehrkraft; Material in kleinem,0,0
"weiterführen, aber bitte",0,0
"weitergeführt werden (DIN A4,",1021,1
weißem Rand),1037,1
"weißer) Sohle (keine Schla ̈ppchen),",0,0
"wichtige Elternbriefe, Klassenarbeiten usw. darin aufzubewahren. Eine",0,0
"wir Sie bitten, möglichst umweltfreundliche Produkte für den täglichen Schulbedarf zu kaufen.",0,0
wir freuen uns auf eine gute Zusammenarbeit!,0,0
wird in der ersten Musikstunde von der Lehrkraft ausgeteilt (6 €,0,0
woran du sie wiedererkennst.,0,0
zwei	Klebestiften,0,0
Ölkreiden 12 Farben (z.B. Jaxon),0,0
übernommen werden (Keine Hefte! Neue Lineatur!).,0,0
"überprüfen, vor allem auch zu Schulbeginn nach jeden Ferien.",0,0
“Mein Anoki-Übungsheft -,0,0
„Schlampermäppchen“),0,0
• 1 Arbeitsheft: Rechtschreiben 4 – Das Selbstlernheft –,0,0
• 1 DIN A4 Heft blanko mit durchsichtigem Umschlag (Alles-Heft),1057,1
• 1 Kieserblock DIN A4 (Lineatur 4. Klasse),1002,1
• 1 Kieserblock DIN A4 kariert (Kleinkaro) mit Randlinien innen und außen,1002,1
"• 1 Rechenheft DINA4, Lineatur 26",0,0
• 1 Reserveheft DIN A4 mit umlaufenden Rand,1059,1
• 1 Sammelmappe,0,0
• 1 Sammelmappe DINA3,0,0
• 1 Schnellhefter blau,1015,1
• 1 Schnellhefter dunkelgrün,1015,1
• 1 Schnellhefter lila,1055,1
• 1 Schnellhefter orange,1015,1
• 1 Schnellhefter rot,1016,1
"• 1 Schreibblock DINA4, Lineatur 2",1002,1
• 1 Schreibheft DIN A4 mit einseitigem Rand,1042,1
• 1 Schreibheft DIN A4 ohne Rand (Lineatur 4. Klasse),1002,1
• 1 Umschlag dunkelgrün,1022,1
• 1 einfacher 100er Malblock (DINA 4),0,0
• 1 großes Tischset (verbleibt vom Vorjahr in der Schule),0,0
• 2 Reservehefte DIN A4 ohne Rand (Lineatur 4. Klasse),1002,2
"• 2 Schreibhefte DINA4 , Lineatur 2",1002,2
• 2 durchsichtige Umschläge für die Arbeitshefte,0,0
• 3 Rechenhefte (Kleinkaro) DIN A4 mit umlaufenden Rand,1043,3
• 3 Schreibhefte DIN A4 ohne Rand (Lineatur 4. Klasse),1002,3
• Arbeitsheft: Welt der Zahl 4 (Bayern) – ISBN: 978-3-507-04714-3,0,0
• Blau: Mathe,1008,1
• Borsten- und Haarpinsel in unterschiedlichen Stärken,0,0
• Denken und Rechnen,1040,1
• Denken und Rechnen Trainingsheft,0,0
• Farbkasten (vorzugsweise Markenfabrikat),0,0
• Federmäppchen:,0,0
• Flex und Flora,0,0
• Folienstift non- permanent,0,0
"• Gelb: Musik/ Kunst ( verbleibt in der Schule vom Vorjahr, bitte nicht leeren)",1053,1
• Grün: Sachunterricht,1051,1
• Hausschuhe,0,0
"• Holz- und Filzstifte, Bleistift",0,0
• Kunstkiste (Schuhkarton):,1013,1
• Lies mal! Das Heft mit dem Küken,0,0
• Lies mal! Hefte 1 und 2 (Set),1034,2
• Malblock DINA3,1014,1
• Pink: Leistungsnachweise,0,0
• Postmappe,0,0
• Rot: Deutsch,1021,1
• Sammelmappe für Kunstbilder DIN A3,0,0
"• Schere, Dosenspitzer, Klebestift, Radiergummi, Lineal (ca. 17cm; kein",1036,1
• Schlampermäppchen:,0,0
"• Schwämmchen, Wasserbehälter, Deckweiß, Tuch, Malkittel",0,0
• Turnbeutel mit Sportzeug und Hallenschuhen (weiße Sohle),0,0
• Umschläge:    1x gelber Umschlag,0,0
• Umschläge:   1x dunkelblauer Umschlag,1061,1
• Wachsmalstifte,0,0
• Weiß: Religion,1024,1
• Zeichenblock DIN A3,1014,1
"•Alle Materialien können aus Klasse 1 aufgebraucht oder weiter verwendet werden, sofern sie",0,0
"•Bi%e beschri,en Sie alle Materialien (S4,e, Bücher, He,e…) mit Namen.",0,0
"•Bi%e halten Sie immer Ersatz an Bleis4,en, Radiergummis und Klebes4,en zu Hause bereit.",0,0
"•Bi%e nehmen Sie alle Beilagen aus den Büchern, versehen diese mit dem Namen und geben sie",0,0
"•Bi%e versehen Sie alle Bücher und Arbeitshe,e von außen in der oberen rechten Ecke mit dem",0,0
•Die CDs können zu Hause bleiben.,0,0
•Nur für neue Schülerinnen und Schüler: 2 Stehsammler,0,0
"✓ 1 Blanco Heft, DIN A4, Umschlag A4: gelb",1001,1
"✓ 1 Doppelheft DIN A4 (Lineatur 1, farbiger Hintergrund),     Umschlag: durchsichtig",1021,1
✓ 1 Dosenspitzer,0,0
✓ 1 Ersatzradiergummi,1006,1
✓ 1 Fineliner (grün),1022,1
"✓ 1 Geschichtenheft DIN A5 1G, quer",1026,1
"✓ 1 Heft DIN A4 kariert (Lineatur 7),   Umschlag: hellblau",0,0
"✓ 1 Heft DIN A4 liniert (Lineatur 1, farbiger Hintergrund),    Umschlag: dunkelgrün",0,0
"✓ 1 Heft DIN A5 kariert (Lineatur 7),   Umschlag: dunkelblau",0,0
"✓ 1 Heft Din A4 (ohne Lineatur), Umschlag: orange",1002,1
✓ 1 Lineal klein,1019,1
✓ 1 Malbecher (Marmeladenglas),0,0
✓ 1 Malkasten (12 Farben) (auf Qualität achten),1058,1
"✓ 1 Malkasten mit Deckweiß (12 Farben reichen völlig aus, bitte auf Qualität achten)",0,0
"✓ 1 Mallappen (kleines Tuch, Schwammtuch, o.ä.)",0,0
✓ 1 Malschwamm (Schwamm in der Dose),0,0
✓ 1 Radiergummi,1006,1
✓ 1 Sammelmappe DIN A4 (lila),0,0
✓ 1 Sammelmappe DIN A4 (rot),1049,1
✓ 1 Sammelmappe DIN A4 blau (WG),1050,1
✓ 1 Sammelmappe DIN A4 rot (Hausaufgabenmappe),1049,1
✓ 1 Schulschere (abgerundet),0,0
"✓ 1 Schulschere (abgerundet, für Links- bzw. Rechtshänder)",1036,1
"✓ 1 Scolaflex Tafel Nr. 2005/ Lineatur 1, karierte Rückseite (gerne gebraucht)",1034,1
"✓ 1 Wasserbehälter (auf Standfestigkeit achten, kein Glas)",0,0
✓ 1 Zeichenblock DIN A4,1021,1
✓ 1 saugfähiger Mallappen/ kleines Schwammtuch (in Tüte oder Dose),0,0
"✓ 1 schwarzer Filzstift (z.B. Stabilo Pen 68 – dicke, abgerundete Spitze)",0,0
✓ 12 gespitzte Holzmalstifte,0,0
✓ 2 Borstenpinsel (Stärke 6 und 12) und 2 Haarpinsel (Stärke 4 und 8),1010,2
"✓ 2 Hefte DIN A5 liniert (Lineatur 1, farbige Hintergründe), Umschläge: rot, orange",1034,2
"✓ 2 Klebestifte (nicht farbig, kein Flüssigkleber)",0,0
✓ 2 Klebestifte (weiß),1024,2
✓ 2 Radiergummis,0,0
✓ 2 Tafelstifte (weiß),1024,2
✓ 2 dünne Bleistifte HB (auf Qualität achten),0,0
"✓ 2 gespitzte Bleistifte (dreikantig, dünn, HB; bitte auf Qualität achten)",0,0
"✓ 2 karierte Hefte DIN A5, Lin 5 (5mm), ohne Rand, Umschläge A5: hellblau, dunkelblau",0,0
"✓ 3 Borstenpinsel (Nr. 3, Nr. 6 und Nr. 12)",1010,3
"✓ 3 linierte Hefte DIN A4, Lin 2, Kontrasthintergrund, Umschläge A4: rot, grün, lila",1044,3
"✓ 3 linierte Hefte DIN A5, Lin 2, Kontrasthintergrund, Umschläge A5: gelb, rot, orange",1035,3
"✓ 4 Schnellhefter DIN A4 (rot, dunkelblau, dunkelgrün, gelb)",1016,1
"✓ 4 Schnellhefter DIN A4 (rot, dunkelblau, dunkelgrün, gelb)",1015,1
"✓ 4 Schnellhefter DIN A4 (rot, dunkelblau, dunkelgrün, gelb)",1015,1
✓ Anoki Übungsheft. Richtig rechnen 1:   ISBN 978-3-12-162084-5,0,0
✓ Das Hausaufgabenheft wird von der Klassenlehrkraft besorgt.,0,0
✓ Die Auer Fibel/ Arbeitsheft 1 Druckschrift: ISBN 978-3-12-006685–9,0,0
✓ Die Auer Fibel/ Arbeitsheft 1: ISBN 978-3-12-006683–5   Umschlag: rosa DIN A4,1021,1
✓ Ersatzsocken,0,0
✓ Hallenturnschuhe (helle Sohle),0,0
✓ Hausschuhe (mit Namen beschriftet),0,0
"✓ Holzfarbstifte (gelb, orange, rot, hautfarben, hellblau, dunkelblau, lila, hellgrün, dunkelgrün, braun, schwarz)",1016,1
✓ Lies-Mal-Heft 1. Das Heft mit der Ente (DaZ):    ISBN 978-3-96081-224-1,1034,1
✓ Papiertaschentücher,0,0
✓ Richtig schreiben 2 Arbeitsheft ISBN 978-3-96081-132-9,0,0
"✓ Schnellhefter A4: rot, blau",1016,1
"✓ Schnellhefter A4: rot, blau",1015,1
✓ Sportkleidung,0,0
✓ Wachsmalkreiden,0,0
✓ Welt der Zahl 2 Arbeitsheft ISBN 978-3-14-106312-7,0,0
✓ Welt der Zahl/ Arbeitsheft 1: ISBN  978-3-14-106311-0,0,0
✓ Zahlenfuchs 2 ISBN 978-3-939965-34-3,0,0
✓ ab schulterlangem Haar: Haargummi,0,0
✓ ab schulterlangem Haar: Haargummis,0,0
✓ feste Hallenturnschuhe (helle Sohle),0,0
✓ wasserfeste Wachsmalkreiden (Jaxon),0,0
➢ 1 Lappen (zum Abtupfen der Pinsel),0,0
➢ 1 Packung Wachsmalkreiden,0,0
➢ 1 Schwämmchen,0,0
➢ 1 standfester Becher,0,0
"➢ Dosenspitzer, Klebestift, Schere, Filzstifte",0,0
"➢ Gespitzte Buntstifte, 2 Bleistifte, 1 Füller mit blauen Ersatzpatronen, 1",0,0
"➢ Haargummis, Pflaster zum Abkleben der Ohrringe",0,0
➢ Tonpapierblock,0,0
➢ aufgefüllter und sauberer Farbkasten mit Deckweiß,0,0
"➢ je 3 Haar- und Borstenpinsel (Nr. 4, Nr.8, Nr.12)",1010,1
" 1 DIN A4 Heft (doppelt), liniert, beidseitiger Rand    Umschlag dunkelgrün",1002,1
" 1 DIN A4 Heft (einfach), kariert, mit umlaufendem Rand",1059,1
 1 Eckspanner-/Sammelmappe DIN A4 (Hausaufgabenmappe) mit Dokumentenhülle,0,0
 1 Eckspanner-/Sammelmappe für Kunstbilder DIN A3,0,0
 1 Füller mit Ersatzpatronen (kein Tintenkiller),0,0
 1 Geodreieck,1011,1
 1 Hausaufgabenheft DIN A5 mit Tageseinteilung,1027,1
" 1 Kieserblock DIN A4, kariert (15C)",1001,1
" 1 Kieserblock DIN A4, liniert (03C)",1002,1
 1 Klebestift,0,0
 1 Radiergummi,1006,1
 1 Textmarker (gelb),1053,1
 1 blauer Schnellhefter mit 1 Klarsichthülle (gelocht) für das Deckblatt,0,0
" 1 dickeren, schwarzen Filzstift (z.B. Edding „3000“)",0,0
 1 dunkelgrüner Schnellhefter mit 1 Klarsichthülle (gelocht) für das Deckblatt,0,0
 1 gelber Schnellhefter mit 1 Klarsichthülle (gelocht) für das Deckblatt,0,0
" 1 kleines Lineal (15cm), 1 großes Lineal (30cm)",1038,1
 1 roter Schnellhefter mit 1 Klarsichthülle (gelocht) für das Deckblatt,0,0
 1 wasserlöslicher Folienstift (Stärke F) in schwarz oder blau,1023,1
 2 Bleistifte (HB),1004,2
" 2 DIN A4 Hefte (einfach), kariert, mit umlaufendem Rand (Lin 40)  Umschläge dunkelblau",0,0
" 2 DIN A4 Hefte (einfach), liniert, beidseitiger Rand",1002,2
 2 Klebestifte (kein Flüssigkleber oder Farbkleber),0,0
" 3 DIN A4 Hefte (einfach), liniert, beidseitiger Rand  Umschläge rot, weiß und transparent",1016,3
" Fineliner (schwarz, grün, dunkelblau und weitere selbst ausgesuchte Farben – außer rot)",1016,1
 Hausschuhe (mit Namen beschriftet),0,0
" Holzfarbstifte (gelb, orange, rot, hellblau, dunkelblau, rosa, lila, hellgrün, dunkelgrün, braun,",1016,1
 Kraut- und Rübenheft: 1 DIN A4 Heft kariert ohne Umschlag,0,0
 Schere (abgerundete Spitzen),0,0
" Schuhschachtel, die nicht höher als 12 cm ist (!), mit:",0,0
 Tintenpatronen,1008,1
" Turnbeutel (Namen!): Sportbekleidung, Turnschuhe mit heller Sohle, Haargummis (bei",0,0
 Zeichenblock DIN A3,1014,1
 kleiner Dosen(!)spitzer,0,0
 1 Anspitzer mit Behälter,0,0
 1 Block A4 und 1 Block A3 Tonpapier (bunt),1048,1
 1 Füller für Lernanfänger bzw. 1 Stabilo Rollpen,0,0
 1 Geschichtenheft Nr. 2G Din A5 mit durchsichtigem Umschlag,1025,1
 1 Malkittel (z. B. altes T-Shirt),0,0
 1 Sammelmappe A3 aus Pappe,0,0
 1 Schreibheft Nr.2 Din A5 mit rotem Umschlag,1035,1
 1 Wasserbehälter,0,0
 1 blau (Mathematik),1050,1
 1 gelb (Musik),1053,1
 1 große Büroklammer (für das Hausaufgabenheft),0,0
 1 grün (Sachunterricht),1051,1
 1 kurzes Lineal,1019,1
 1 neues Passfoto für den Geburtstagskalender,0,0
 2 Bleistifte,0,0
 2 Klebestifte (bitte keinen Flüssigkleber),0,0
 2 Mathehefte Nr. 7 Din A4 mit blauem Umschlag,1021,2
 2 Scheren (abgerundet),0,0
 2 Schreibhefte Nr.2 Din A4 mit rotem Umschlag,1042,2
 2x Hausschuhe,0,0
 Buntstifte und Filzstifte,0,0
 Farbkasten mit 12 Deckfarben und Pinseln (Borsten- und Haarpinsel),0,0
 Knete (6 Stangen im Plastikbehälter),0,0
 Radiergummi,1006,1
" Turnschuhe (helle Sohle), T-Shirt und kurze Hose im Turnbeutel",0,0
 Wachsmaler (besonders gut: Jaxonkreide),0,0
 1 DIN A3 Block,1014,1
 1 DIN A4 Heft  kariert,1001,1
 1 DIN-A3-Block,1014,1
 1 Heft DIN A4 (Lineatur 27),1044,1
 1 Heft DIN A4 (Lineatur 27)  (= 1 Schul-,1044,1
 1 Lappen,0,0
 1 Schnellhefter,1015,1
 1 Schnellhefter (für Arbeitsblätter),1015,1
 1 Schnellhefter DIN A 4 mit linierten,0,0
 1 Schnellhefter für Klassenarbeiten mit,1015,1
 1 Schnellhefter mit 15 blanko DIN A4,1015,1
 1 Schnellhefter mit 15 blanko DIN-A4-,1015,1
 1 Wasserbehälter,0,0
 1 Wasserfarbenkasten bevorzugt  von,0,0
 1 dünnes Ringbuch oder ein,0,0
 10 Klarsichthüllen,0,0
 10 karierten Blättern,1013,10
 2 Schnellhefter DIN A 4 mit linierten,0,0
 2-3 Bleistifte in verschiedenen Stärken,0,0
 2-Ring-Ordner,0,0
 20 Blatt kariertem Papier abgeheftet,1013,20
 20 karierten Blättern,1013,20
 ALLES mit NAMEN BESCHRIFTEN,0,0
" Borstenpinsel  Gr. 1, 2, 6, 8, 16 +",1010,1
 Collegeblock kariert,1013,1
 DIN A4 Blätter kariert,1001,1
 DIN A4 Doppelheft kariert,1001,1
 DIN A4 Heft Nr. 28 kariert (ohne,1045,1
 DIN A4 Heft kariert (ohne Umschlag!),1001,1
 DIN A4 Heft kariert mit Rand,1043,1
 DIN A4 Heft liniert,1002,1
 DIN A4 Heft liniert mit,1042,1
 DIN A4 Heft liniert mit Doppelr,1042,1
 DIN A4 Heft liniert mit Doppelrand,1044,1
 DIN A4 Heft liniert mit Rand  (Lineatur,1042,1
 DIN A4 Heft liniert mit Rand (Lineatur,1042,1
 DIN A4 Schellhefter,1001,1
 DIN A4 Schellhefter orange,1022,1
 DIN A4 Vokabelheft mit 3 Spalten !!!,1042,1
 DIN A4 Vokabelheft mit 3 Spalten mit,1042,1
 DIN-A4-Blätter kariert,1001,1
 Din A4 Heft kariert mit Rand,1043,1
 Evtl. ein Malhemd,0,0
 Geo-Dreieck,0,0
 Geo-Dreieck (s. u.),0,0
 Geodreieck,1011,1
 Hallenschuhe im Sommer Schuhe fürs,0,0
 Hallenschuhe und Schuhe fürs Stadion,0,0
 Heft kariert mit  Rand,1041,1
 Heft kariert mit Rand,1041,1
 Heft oder Ordner (nicht Schnellhefter!),0,0
 Hefter DIN A4 für,1001,1
 Hefter DIN A4 für Klassenarbeiten,1015,1
 Karierte Blätter,1013,1
 Karoblätter,1013,1
 Leitz Ordner 5 cm breit,0,0
 Mappe für fertige Kunstwerke,0,0
" Minenbleistifte 3er Set: Stärke 0,35,",0,0
" Minenbleistifte 3er Set: Stärke 0,35;",0,0
 Ordner dünn bzw. schmal mit 2 Ringen,0,0
 Pappschnellhefter mit,0,0
 Pappschnellhefter oder,0,0
 Parabelschablone,0,0
 Regelheft kann vom Vorjahr,0,0
 Ringbuch 2fach gelocht dünn mit,0,0
 Ringbuchordner,0,0
 Ringbuchordner 2fach gelocht dünn,0,0
 Schnellhefter,1015,1
 Schnellhefter DIN A4 für,1015,1
 Schnellhefter mit,1015,1
 Schnellhefter mit 10 karierten oder,0,0
 Schnellhefter oder Ordner,1015,1
 Schnellhefter oder ein Heft Din A4,1015,1
" Schnellhefter, Farbe lila oder nach",1055,1
" Schwarze Filzstifte (einer dick, einer",0,0
 Vokabelheft DIN A5,1003,1
 Vokabelheft DIN A5  oder  DIN A4,1057,1
 Vokabelheft DIN A5 oder,1003,1
 Zirkel,1012,1
 dünner Ringbuchordner,0,0
 einige Klarsichthüllen,0,0
 einige karierte Blätter,1013,1
 karierte Blätter,1013,1
 karierte Blätter mit Rand,1013,1
 kariertes Papier,1013,1
 kariertes Papier mit Rand,1041,1
" 1 Eckspanner, gelb (Postmappe)",1053,1
" 1 Folienstift, wasserlöslich Gr. M - non permanent",0,0
 1 Schreibheft Lineatur Nr. 2,1035,1
 1 Tuch fürs Vesper,0,0
 1 brauner Schnellhefter (Beschriftung: Religion),0,0
 1 dunkelblauer Schnellhefter (Beschriftung: Sachunterricht),0,0
 1 grüner Schnellhefter (Beschriftung: Mathe),0,0
 1 kariertes Heft Lineatur 07 (große Karos),0,0
 1 lilafarbener Schnellhefter (Beschriftung: Musik),0,0
 1 orangefarbener Schnellhefter (Beschriftung: Wörter der Woche),0,0
 1 roter Schnellhefter (Beschriftung: Deutsch),0,0
 1 schwarzer Schnellhefter (Beschriftung: Medien),0,0
 1x Deckfarbkasten mit 24 Farben,1058,1
 1x Geschichtenheft DIN A4 Lineatur 2G (z.B. von Oxford),1002,1
 1x Hausschuhe für die Klasse,0,0
 1x Malblock DIN A4,1001,1
 1x Malkittel/altes T-Shirt,0,0
 1x Rechenheft DIN A4 Lineatur 7,0,0
 1x Sammelmappe DIN A3 (vorhandenen wieder mitgeben),0,0
" 1x Sportbeutel mit: Sporthose, T-Shirt und Turnschuhen (bitte keine",0,0
 1x Wasserbecher/Wasserbox,0,0
 1x Zeichenblock DIN A3,1014,1
 1x alter Lappen zum Abtrocknen des Wasserbechers,0,0
 1x Ölpastellkreide 12er Set (z.B. von Jaxon),0,0
 2 Schreibhefte Lineatur Nr. 2,1035,2
 2 dünne Bleistifte,0,0
 3x Schreibheft DIN A4 Lineatur 2,1002,3
 Das Hausaufgabenheft der Schule  muss für 6€ erworben  werden.,0,0
 Die Umschläge und Ordner für die einzelnen Fächer s ollen die Farben wie in der,0,0
 Die Umschläge und Ordner für die einzelnen Fächer sollen die Farben wie in der,0,0
 Dosenspitzer,0,0
 Elternpostmappe:,0,0
 Hausschuhe,0,0
 In allen Fächern werden die folgenden Materialien benötigt:,0,0
 Kieser-Schreibblock Lineatur 2,1002,1
 Klebestift,0,0
 Mäppchen mit:,0,0
 Oldenbourg Schulbuchverlag: Deutsch-Stars 3/4 Lesetraining für …,0,0
 Pinsel: Borsten- und Haarpinsel in verschiedenen Größen,1047,1
 Radiergummi,1006,1
" Schere, die gut schneidet",0,0
" Schnellhefter in folgenden Farben: rot (Deutsch), blau (Mathe), grün (Sachunterricht),",1016,1
" Schnellhefter in folgenden Farben: rot (Deutsch), blau (Mathe), grün (Sachunterricht),",1015,1
" Schnellhefter in folgenden Farben: rot (Deutsch), blau (Mathe), grün (Sachunterricht),",1017,1
 Schroedel-Verlag: Welt der Zahl 3. Arbeitsheft (Ausgabe 2022 Bayern),0,0
" Sportausstattung (Turnschuhe, T-Shirt, Socken, evtl. Haargummi)",0,0
 Wachsmalstifte,0,0
 Westermann: Zauberlehrling Richtig schreiben 3 Schulausgangsschrift (Ausgabe 2014,1002,1
" Zeichenblock DIN A3, Wasserfarben, Haar- und Borstenpinsel",1014,1
 gelber Eckspanner (Postmappe),1053,1
 1x Bastelschere (spitz),1020,1
 1x Dosenspitzer,0,0
 1x Folienstift non-permanent,0,0
 1x Lineal 15 cm,1019,1
 1x Radiergummi,1006,1
 1x Textmarker oder Textmarker-Buntstift (Farbe egal),0,0
 3x Bleistift,1004,3
 3x Klebestift,0,0
 Buntstifte in 12 Farben,1005,1
 Hausaufgabenheft besorgen wir als Sammelbestellung!,0,0
