"raw_line","product","amount"
"Materialliste der Klassen 1a 1b 1c","0","0"
"Eckspannmappe Schuljahr 2025 2026Mappen","0","0"
"4 Schnellhefter rot blau grün orange DIN A4","1016","4"
"1 Eckspannmappe gelbe Mappe mit Gummiband Eckspanner als Postmappe","0","0"
"4 Prospekthüllen Bitte in jeden Schnellhefter eine Prospekthülle heften DIN A4","1016","4"
"Mäppchen und Inhalt","1065","1"
"1 Mäppchen darin","0","0"
"2 dicke Dreikantbleistifte","0","0"
"1 dünner Bleistift","1004","1"
"1 kleines Lineal","1038","1"
"1 Radiergummi keine Figürchen","1006","1"
"dicke Buntstifte","1005","1"
"1 Schlampermäppchen mit","0","0"
"einer Kinderschere","0","0"
"Bitte beim Kauf auf Rechts oder","0","0"
"Linkshänderschere sowie eine abgerundete Spitze achten","1034","1"
"zwei Klebestiften","0","0"
"weiß","1024","1"
"kein Flüssigkleber","0","0"
"und einem Anspitzer mit Behälter","1018","1"
"für dicke","1067","1"
"und","1002","1"
"dünne Stifte Sonstiges","0","0"
"1 Packung weißes Kopierpapier DIN A4","1001","1"
"1 Malblock DIN A3 einseitig gebunden","1014","1"
"1 Sammelmappe DIN A3","1096","1"
"je einen","0","0"
"Borsten","0","0"
"pinsel dünn mittel dick","0","0"
"1 standfester Wasserbehälter","0","0"
"1 Malkittel z B altes T Shirt oder Hemd","0","0"
"1 Wasserfarbkasten mit 12 Farben auf gute Qualität achten","1097","1"
"Für den Sportunterricht","0","0"
"Turnbeutel","0","0"
"mit","1004","1"
"Sportkleidung","0","0"
"Sporthose und T Shirt","0","0"
"Hallenschuhe","0","0"
"mit heller","0","0"
"Sohle am besten Klettverschluss","0","0"
"Geben Sie Ihrem Kind bei Bedarf ein Brillenetui Haargummi oder P aster zum","0","0"
"Abkleben von Ohrsteckern mit","0","0"
"Bitte beschriften Sie alle Schulsachen in Druckschrift und gut","0","0"
"sichtbar mit dem Namen Ihres Kindes","0","0"
"Hefte müssen Sie nicht besorgen Sie werden als Sammelbestellung von der DIN A4","1079","1"
"Lehrerin gekauft","0","0"
"1 x Eckspannmappe DIN A4 gelb als Postmappe","1053","1"
"1 x Eckspannmappe DIN A4 rot Hausaufgabenmappe","1049","1"
"1x Sammelmappe DIN A3 fu r Kunstbilder","1096","1"
"1x DIN A5 Schreibheft mit Lineatur Mitteilungsheft","1035","1"
"1x stapelbare Ablage","0","0"
"1x Schnellhefter Stehordner DIN A4","1015","1"
"1x Packung Post It Streifen","0","0"
"Allgemein","0","0"
"Schnellhefter DIN A4","1015","1"
"1x rot Deutsch","1002","1"
"1x blau Mathe","0","0"
"1x gru n Sachunterricht","0","0"
"1x lila Religion Ethik","0","0"
"1x schwarz Musik","1054","1"
"1x weiß Leistungsnachweise","0","0"
"Holzbuntstift Sortiment 12 Stu ck dick und dreikant","0","0"
"3 Bleistifte 3x dick je dreikant","0","0"
"2 gute Radiergummi keine Knete Tierchen etc","0","0"
"Lineal 15 cm lang durchsichtig aus festem Material","1031","1"
"nicht biegsam","0","0"
"keine Filzstifte","1032","1"
"1x DIN A4 Schreibheft Lineatur 1 mit farbigen","0","0"
"Kontrastlinien","1031","1"
"1x DIN A4 roter Umschlag","1021","1"
"1x Schreiblernheft Lineatur SL farbige Kontrastlineatur DIN A4","1031","1"
"1x DIN A4 Rechenheft ohne Rand","1001","1"
"Lineatur 7","1002","1"
"1x DIN A4 Umschlag blau","1023","1"
"Mein Anoki U bungsheft DIN A4","1048","1"
"Ziffernschreibkurs 1 Klett Verlag","0","0"
"ISBN 978 3 12 162105 7","0","0"
"Mathematik","1001","1"
"1x DIN A3 Zeichenblock","1014","1"
"Deckfarbenkasten mit 12 Farben Deckweiß","1009","1"
"Wasserbecher","1094","1"
"kleines Schwa mmchen Lappen Spu ltuch","0","0"
"Malkittel z B altes Herrenhemd etc","0","0"
"2 Borstenpinsel Nr 8 und 12","1010","2"
"2 Haarpinsel Nr 6 und 10","1047","2"
"dreikantige Wachsmalstifte 8 Stu ck ohne","0","0"
"Plastikumhu llung um jeden Stift","0","0"
"1 x Malblock DIN A4 unliniert nicht gelocht","1031","1"
"1 x Set mit bunten Knete Stangen","0","0"
"Kunst","0","0"
"Sport","0","0"
"Sportbeutel mit folgendem Inhalt","0","0"
"Sporthose T Shirt feste","0","0"
"Turnschuhe mit abriebfester oder","0","0"
"weißer Sohle keine Schla ppchen","0","0"
"Aufbewahrungsbeutel mit","0","0"
"Haargummis bei langen Haaren","0","0"
"bitte beschriften Sie ALLE Materialien auch Stifte Sportbeutel bereits mit dem Namen Ihres","0","0"
"Kindes in DRUCKBUCHSTABEN Bu cher und Hefte bitte immer vorne in der oberen rechten Ecke DIN A4","1054","1"
"Umschlag Bu cher von der Schulbuchausleihe beno tigen einen Schutzumschlag mit dem Namen Ihres Kindes ebenfalls in DIN A4","1060","1"
"der oberen rechten Ecke","0","0"
"Materialliste für das 1 Schuljahr","1070","1"
"Bastelmäppchen mit Mäppchen mit","0","0"
"abgerundete Bastelschere","1020","1"
"2 große Klebestifte","0","0"
"Dosenspitzer mit Beha lter","0","0"
"1x wasserlo slicher Folienstift","0","0"
"Deutsch","1002","1"
"blau oder","1003","1"
"schwarz","1054","1"
"fu r du nne und","0","0"
"dicke Stifte","1065","1"
"gibt es auch fu r","0","0"
"Linksha nder","0","0"
"kein Flu ssigkleber","0","0"
"nicht farbig","1073","1"
"Klasse 1e","1001","1"
"Viele Grüße","0","0"
"Frau Wistof","0","0"
"Materialliste Klasse 2","0","0"
"Folgende Materialien müssen wieder eingepackt ersetzt neu besorgt werden","0","0"
"Mäppchen mit","0","0"
"3x Bleistift","1004","3"
"1x Radiergummi","1006","1"
"1x Lineal 15 cm","1091","1"
"1x Dosenspitzer","0","0"
"1x Bastelschere spitz","1020","1"
"3x Klebestift","1066","3"
"Buntstifte in 12 Farben","1005","1"
"1x Folienstift non permanent","0","0"
"1x Textmarker oder Textmarker Buntstift Farbe egal","0","0"
"Schnellhefter in folgenden Farben rot Deutsch blau Mathe grün Sachunterricht DIN A4","1016","1"
"grau Lernzielkontrolle orange Religion Praktische Philosophie schwarz gelb","0","0"
"Eckspannmappe gelber Eckspanner Postmappe","0","0"
"Kieser Schreibblock Lineatur 2","1002","1"
"1x Geschichtenheft DIN A4 Lineatur 2G z B von Oxford","1031","1"
"3x Schreibheft DIN A4 Lineatur 2","1002","3"
"1x Rechenheft DIN A4 Lineatur 7","0","0"
"1x Ölpastellkreide 12er Set z B von Jaxon","0","0"
"1x Deckfarbkasten mit 24 Farben","1009","1"
"1x Wasserbecher Wasserbox","1094","1"
"1x alter Lappen zum Abtrocknen des Wasserbechers","0","0"
"1x Malkittel altes T Shirt","0","0"
"1x Zeichenblock DIN A3","1014","1"
"1x Malblock DIN A4","1001","1"
"1x Sammelmappe DIN A3 vorhandenen wieder mitgeben","1096","1"
"Pinsel Borsten und Haarpinsel in verschiedenen Größen","1047","1"
"1x Hausschuhe für die Klasse","0","0"
"1x Sportbeutel mit Sporthose T Shirt und Turnschuhen bitte keine","0","0"
"Turnschläppchen","0","0"
"Im Laufe des Schuljahres werden die Kinder noch einen Füller und einen Badeanzug eine","0","0"
"Badehose sowie eine Badekappe für den Schwimmunterricht benötigen Genauere","0","0"
"Informationen erhalten Sie hierzu auf dem 1 Elternabend im neuen Schuljahr","0","0"
"Geben Sie alle Materialien bitte mit dem Namen beschriftet am ersten Schultag","0","0"
"27 08 2025 in die Schule mit","1004","27"
"Deutsch 1 Oxford Schreiblernheft DIN A4 quer Lineatur SL","1002","1"
"1 Umschlag transparent DIN A4","1062","1"
"1 Schreibheft DIN A4 Nr 1 Lineatur Kl 1 farbig hinterlegt","1002","1"
"1 Umschlag rot DIN A4","1021","1"
"1 roter Schnellhefter aus Pappe DIN A4","1015","1"
"Mathe Lineatur 1 DIN A4 Rechenheft Nr 7","0","0"
"1 Umschlag blau DIN A4","1023","1"
"1 blauer Schnellhefter aus Pappe DIN A4","1015","1"
"1 Prospekthülle bitte mit Namen beschriften und im Schnellhefter DIN A4","1015","1"
"abheften DIN A4","1074","1"
"Sachunterricht Lineatur 1 grüner Schnellhefter aus Pappe DIN A4","1016","1"
"Musik Lineatur 1 oranger Schnellhefter aus Pappe DIN A4","1015","1"
"Religion Lineatur 1 weißer Schnellhefter aus Pappe DIN A4","1046","1"
"Allgemeines Ein Federmäppchen mit","1065","1"
"1 Silbenstift dick rot blau","0","0"
"2 dicke Bleistifte","1018","2"
"ca 12 dicke Holzfarben","0","0"
"Radiergummi","1006","1"
"kleines Lineal 15 cm","1091","1"
"abwischbarer Folienstift non permanent M schwarz","0","0"
"Ein Schlampermäppchen mit","0","0"
"Bastelschere","1020","1"
"Klebestift bitte keine farbigen Klebestifte","0","0"
"Dosenspitzer","0","0"
"Sammelmappe DIN A4 Eckspanner Farbe frei wählbar","1052","1"
"Hausschuhe","0","0"
"Schreibblock DIN A4 Lineatur Kl 1 farbig hinterlegt z B Kieser Block 01","1042","1"
"Materialliste Klasse 1","0","0"
"Kunst 1 Zeichenblock DIN A3 Blätter beidseitig befestigt","1014","1"
"1 Stofftasche mit","0","0"
"3 Borstenpinsel Nr 8 12 20","1010","3"
"Wachsmalstifte z B Jaxonkreide 12 Stück","1067","12"
"Wasserfarbenkasten","0","0"
"Malerkittel z B altes Hemd","0","0"
"1 kleiner Lappen zum Abtupfen","0","0"
"Sport Sporttasche mit Sporthose T Shirt und Turnschuhe mit abriebfester","0","0"
"Sohle","0","0"
"Haargummi bei langen Haaren","0","0"
"Schwimmen Tasche mit Badehose Badeanzug und Handtuch","0","0"
"Badekappe aus Gummi","0","0"
"Bitte beschriften Sie jedes Teil mit Namen und bringen Sie alle Materialien zum ersten","0","0"
"Elternabend Montag den 14 09 2026 mit damit alles eingeräumt werden kann","0","0"
"Vielen Dank","0","0"
"Materialliste für das 1 Schuljahr","1070","1"
"Deutsch","1002","1"
"1x Schnellhefter Deutsch rot DIN A4","1016","1"
"1x Schreiblernheft DIN A4 quer Lineatur SL","1002","1"
"1x Schreibheft DIN A5 Lineatur 0","1033","1"
"1x Schreibheft DIN A4 Lineatur 1","0","0"
"1x Blankoheft ohne Linien DIN A5","1034","1"
"Mathe","0","0"
"1x Schnellhefter Mathematik blau DIN A4","1015","1"
"1x Zahlenlernheft DIN A4 quer Lineatur ZL","1002","1"
"1x Rechenheft DIN A5 Lineatur R große Kästchen","1034","1"
"Sachunterricht Musik Religion","0","0"
"1x Schnellhefter Sachunterricht grün DIN A4","1017","1"
"1x Schnellhefter Musik gelb DIN A4","0","0"
"1x Schnellhefter Religion weiß DIN A4","1046","1"
"1x Schnellhefter Lernstandsanalysen orange DIN A4","0","0"
"1x Malblock DIN A4 einfache Qualität","1060","1"
"1x Zeichenblock DIN A4","1032","1"
"1x DIN A3 Sammelmappe","1096","1"
"Deckfarbkasten 12 Farben Deckweiß","1009","1"
"Wasserbehälter eventuell zum Befestigen","0","0"
"Pinselset Borsten Haarpinsel","0","0"
"Malkittel oder altes Hemd","0","0"
"Lappen","0","0"
"10 12 Wachsmalstifte","1067","10"
"1 Dose Knete","0","0"
"Tischset abwaschbar als Mal und Kentunterlage min DIN A3 groß","1096","1"
"Seite 1 von 2","0","0"
"Das Wichtigste vorweg","0","0"
"Bitte beschriften Sie jeden einzelnen Gegenstand auf dieser Liste gut sichtbar mit dem Namen","0","0"
"Ihres Kindes Auch alle Bücher von der Schulbuchliste müssen außen auf dem Deckblatt mit","0","0"
"dem Namen versehen werden","0","0"
"Folgende Materialien braucht Ihr Kind im ersten Schuljahr","0","0"
"Turntasche","0","0"
"Sportbekleidung Hose T Shirt","0","0"
"Turnschuhe mit heller Sohle Bitte Schuhe besorgen die ihr Kind selbstständig","0","0"
"anziehen kann","0","0"
"ggf Haargummi","0","0"
"1x Eckspannmappe gelbe Postmappe Eckspanner","0","0"
"1x Hausschuhe","0","0"
"1x Wechselkleidung","0","0"
"Mäppchen","0","0"
"dicke Holzbuntstifte am besten Dreiecksform mit Griffhilfe","0","0"
"2x dicke weiche Bleistifte am besten Dreiecksform mit Griffhilfe","0","0"
"1x Spitzer mit Auffangbehälter","0","0"
"1x Radiergummi","1006","1"
"Filzstifte dick dünn","1032","1"
"1x Schere Achtung Extrascheren bei Linkshänder","1034","1"
"1x Klebestift bitte keine bunten Klebestifte kaufen und keinen Flüssigkleber","0","0"
"","0","0"
"Schere Kleber und Filzstifte können in einem anderen Mäppchen z B","0","0"
"Schlampermäppchen","0","0"
"Die Schule besorgt außerdem für jedes Kind ein einheitliches Hausaufgabenheft der DIN A4","1054","1"
"Kostenbeitrag von 2 wird über die Klassenkasse bezahlt","0","0"
"Für die Besorgung der Materialien danken wir Ihnen vielmals","0","0"
"Dadurch erleichtern Sie Ihrem Kind den Schulalltag","0","0"
"Seite 2 von 2","1094","1"
"Mittelschule Schmidgaden","0","0"
"Schulstraße 1","0","0"
"92546 Schmidgaden","0","0"
"Tel 09435 2546","0","0"
"E Mai sekretariat mittelschule Schmidgaden de","0","0"
"Homepage www mittelschule schmidgaden de","0","0"
"Materialliste für die 5 Klasse","0","0"
"Fach Material","0","0"
"Deutsch Lineatur 3 Hefte DIN A4 liniert mit Doppeland","0","0"
"3 rote Heftumschläge DIN A4","1001","3"
"1 roter Schnellhefter DIN A4","1015","1"
"Mathematik Lineatur 3 Hefte DIN A4 kariert mit Doppelrand","0","0"
"1 hellblauer und 1 dunkelblauer Umschlag DIN A4","1021","1"
"1 Zirkel 1 Geodreieck 1 langes Lineal 1 Druckbleistift","1038","1"
"Englisch Lineatur 3 Hefte DIN A4 liniert mit Doppelrand","0","0"
"2 gelbe Umschläge DIN A4","1021","2"
"1 Schnellhefter gelb DIN A4","0","0"
"GPG Lineatur 1 Hefte DIN A4 kariert mit Doppelrand","0","0"
"1 Umschlag braun DIN A4","1021","1"
"1 Schnellhefter braun DIN A4","1015","1"
"NT Lineatur 1 Hefte DIN A4 kariert mit Doppelrand","0","0"
"1 Umschlag grün DIN A4","1022","1"
"1 Schnellhefter grün DIN A4","1017","1"
"WiB Lineatur 1 Heft DIN A4 kariert mit Doppelrand","0","0"
"1 Umschlag schwarz DIN A4","0","0"
"1 Schnellhefter schwarz DIN A4","1054","1"
"Kunst 1 Zeichenblock DIN A3 1 Deckfarbenkasten Borstenpinsel und","1014","1"
"Haarpinsel in verschiedenen Stärken 1 Zeichenbleistift B3 oder","0","0"
"B2 1 Sammelmappe DIN A3 Holzfarbstift und Filzstifte Im","1096","1"
"Mäppchen 1 schwarzer Fineliner 1 standfester Malbecher kein","1038","1"
"Glas abgerundete Schere Klebestift 1 Küchenpapierrolle 1","0","0"
"Mallappen Lineatur 1 Schnellhefter Karton oder Box zur Aufbewahrung DIN A4","1015","1"
"Religion Lineatur 1 Schnellhefter weiß DIN A4","1046","1"
"Informatik Lineatur 1 Schnellhefter orange DIN A4","0","0"
"WG Material wird von Lehrkraft besorgt","0","0"
"Sonstiges Lineatur 1 Hausaufgabenheft Umschlag transparent DIN A4","1062","1"
"1 Lineatur Collegeblock DIN A4","1002","1"
"1 kar Collegeblock DIN A4","1013","1"
"Wichtig Bitte prüft was vom Vorjahr noch brauchbar ist Nicht alles muss","0","0"
"neu angeschafft werden","0","0"
"Die Stifte und Arbeitsmaterialien sollten eine Markierung haben","0","0"
"woran du sie wiedererkennst","0","0"
"Bitte keine Selbstklebefolie zum Einbinden der Bücher benutzen","0","0"
"und den Einband bitte nicht am Buchdeckel festkleben DIN A4","1061","1"
"Materiallisten für die 6 Klasse","0","0"
"Eckspannmappe Deutsch Die Hefte oder Mappen können weitergeführt werden DIN A4","1031","1"
"Eckspannmappe Mathematik Die Hefte oder Mappen können weitergeführt werden DIN A4","1059","1"
"Eckspannmappe Englisch Die Hefte oder Mappen können weitergeführt werden DIN A4","1046","1"
"Eckspannmappe GPG Die Hefte oder Mappen können weitergeführt werden DIN A4","1079","1"
"Eckspannmappe NT Die Hefte oder Mappen können weitergeführt werden DIN A4","1044","1"
"Eckspannmappe WiB Die Hefte oder Mappen können weitergeführt werden DIN A4","1044","1"
"Eckspannmappe Kunst Die Hefte oder Mappen können weitergeführt werden DIN A4","1054","1"
"Eckspannmappe Religion Die Hefte oder Mappen können weitergeführt werden DIN A4","1044","1"
"Eckspannmappe Info Die Hefte oder Mappen können weitergeführt werden DIN A4","1044","1"
"Eckspannmappe WG Die Hefte oder Mappen können weitergeführt werden DIN A4","1079","1"
"Materialliste Klasse 7","0","0"
"Deutsch 2x Heft DIN A4 liniert mit Rand","1042","2"
"2x roter DIN A4 Einband","1021","2"
"1x roter Schnellhefter DIN A4","1015","1"
"Englisch 1x Heft DIN A4 liniert mit Rand","1042","1"
"1x oranger DIN A4 Einband","1021","1"
"1x oranger Schnellhefter DIN A4","1015","1"
"1x Vokabelheft DIN A4","1064","1"
"1x oranger Einband für das Vokabelheft DIN A4","1064","1"
"Mathe 2x Heft DIN A4 kariert mit Rand","1043","2"
"2x blauer DIN A4 Einband","1021","2"
"1x blauer Schnellhefter DIN A4","1015","1"
"GPG 1x Heft DIN A4 liniert mit Rand","1042","1"
"1x schwarzer DIN A4 Einband","1021","1"
"1x schwarzer Schnellhefter DIN A4","1015","1"
"NT 1x Heft DIN A4 liniert mit Rand","1042","1"
"1x grüner DIN A4 Einband","1021","1"
"1x grüner Schnellhefter DIN A4","1015","1"
"WiB 1x Heft DIN A4 liniert mit Rand","1042","1"
"1x weißer DIN A4 Einband","1021","1"
"1x weißer Schnellhefter DIN A4","1015","1"
"Ku 1x Zeichenblock DIN A3","1014","1"
"1x lila Schnellhefter DIN A4","1055","1"
"Religion 1x braunen Schnellhefter DIN A4","1015","1"
"Wirtschaft Lineatur 1 Schnellhefter DIN A4","1015","1"
"1 Klarsichtfolie","0","0"
"Soziales Schürze","0","0"
"Schnellhefter DIN A4","1015","1"
"2 Klarsichtfolien","0","0"
"15 Kochgeld","0","0"
"Technik Lineatur 1 lila Schnellhefter DIN A4","1055","1"
"Materialgeld 15","0","0"
"Materiallisten für die 8 Klasse","0","0"
"Eckspannmappe WiK Die Hefte oder Mappen können weitergeführt werden DIN A4","1079","1"
"EG Lineatur 1 Schnellhefter rosa Schürze 20 Kochgeld DIN A4","1015","1"
"Technik 8 Klasse","1090","1"
"1 kariertes Heft DIN A4 mit Doppelrand","1045","1"
"1 Schnellhefter grau DIN A4","1015","1"
"Bedarf für technisches Zeichnen Absprache am Anfang des","0","0"
"Schuljahres mit dem Fachlehrer","0","0"
"1 Zeichenplatte DIN A4","1001","1"
"optional Tragtasche","0","0"
"1 Perspekticeck","0","0"
"1 Geodreieck","1011","1"
"1 Lineal 60 30 Winkel","1038","1"
"1 harter Bleistift H oder HB","1004","1"
"1 weicher Bleistift z B 2B","0","0"
"Es gibt die Möglichkeit einer","0","0"
"Sammelbestellung am Schuljahresanfang","0","0"
"Selbstverständlich kann vorhandenes","0","0"
"Material auch eine DIN A3 Zeichenplatte","1096","1"
"benutzt werden","0","0"
"Materialgeld 20","0","0"
"1 Lineatur Collegeblock DIN A4 mit Doppelrand","1044","1"
"1 kar Collegeblock DIN A4 mit Doppelrand","1045","1"
"RS NGD Materialliste für Klasse 10","0","0"
"Materialliste für Klasse 10 Schuljahr 2024 2025","0","0"
"Fach Material Anmerkungen","0","0"
"gelb","1053","1"
"DIN A4 Heft kariert ohne Umschlag","1001","1"
"Leitz Ordner 5 cm breit DIN A4","1072","1"
"Collegeblock kariert","1013","1"
"Geodreieck","1011","1"
"Zirkel","1012","1"
"Parabelschablone","0","0"
"Die FachlehrerInnen","0","0"
"informieren zu","0","0"
"Schuljahresbeginn über","0","0"
"weitere Materialien","0","0"
"Englisch","0","0"
"rot","1016","1"
"DIN A4 Heft liniert","1002","1"
"Vokabelheft DIN A5","1003","1"
"Schnellhefter Hefter DIN A4 für Klassenarbeiten","1015","1"
"Für Frau Harkcoms Klasse gilt","0","0"
"DIN A4 Heft liniert mit","1031","1"
"Rand","1001","1"
"Vokabelheft DIN A5 oder","1003","1"
"Vokabelkartei","0","0"
"Schnellhefter Hefter DIN A4 für","1015","1"
"Klassenarbeiten","1015","1"
"blau","1008","1"
"1 Schnellhefter für Klassenarbeiten mit DIN A4","1015","1"
"ca 15 20 Blättern DIN A4 liniert mit","1031","1"
"Rand Lineatur 27","1002","1"
"1 Schnellhefter DIN A4 mit linierten","1015","1"
"Blättern Lineatur 27 oder 1 Heft DIN DIN A4","1044","1"
"DIN A4 Lineatur 27","1044","1"
"Biologie","0","0"
"helles grün","0","0"
"Schnellhefter Ringbuchordner 2fach gelocht dünn DIN A4","1015","1"
"mit karierten Blättern","1043","1"
"Geographie","0","0"
"orange","0","0"
"Schnellhefter Ringbuchordner DIN A4","1015","1"
"karierte Blätter","1043","1"
"WBS","0","0"
"Heft oder Ordner nicht Schnellhefter DIN A4","1015","1"
"kariert mit Rand","1041","1"
"Gmeinschaftskunde","0","0"
"Schnellhefter Pappschnellhefter oder DIN A4","1015","1"
"Schnellhefter Ringbuchordner DIN A4","1015","1"
"pink","0","0"
"In einem Kasten z B Schuhkarton","1059","1"
"1 Wasserfarbenkasten bevorzugt von","0","0"
"PELIKAN mit großer Tube Deckweiß","0","0"
"","0","0"
"1 Wasserbehälter","0","0"
"1 Lappen","0","0"
"Borstenpinsel Gr 1 2 6 8 16","1010","1"
"ebensolche Haarpinsel","1047","1"
"2 3 Bleistifte in verschiedenen Stärken","1018","2"
"HB 2B","0","0"
"Schwarze Filzstifte einer dick einer","0","0"
"dünn schreibend","0","0"
"Evtl ein Malhemd","0","0"
"Außerdem","0","0"
"1 DIN A3 Block","1014","1"
"Gerne alles vom letzten Jahr","0","0"
"weiterführen aber bitte","0","0"
"kontrollieren säubern und","0","0"
"evtl neu mit Namen","0","0"
"versehen","0","0"
"Es sollte aber alles da sein","0","0"
"1 Schnellhefter mit 15 blanko DIN A4","1015","1"
"Blättern befindet sich evtl noch in","0","0"
"der Schule","1004","1"
"Eckspannmappe Mappe für fertige Kunstwerke","0","0"
"ALLES mit NAMEN BESCHRIFTEN","0","0"
"Musik","1079","1"
"lila","1055","1"
"Schnellhefter mit Lineatur 10 karierten oder DIN A4","1015","1"
"linierten Blättern","1038","1"
"Informatik WF","0","0"
"türkis","0","0"
"Schnellhefter mit DIN A4","1015","1"
"10 karierten Blättern","1043","10"
"Sport angemessene Sportkleidung","0","0"
"Hallenschuhe im Sommer Schuhe fürs","0","0"
"Stadion","0","0"
"Religion ev","0","0"
"dunkles grau","0","0"
"Schnellhefter oder ein Heft DIN A4","1015","1"
"kariert","1001","1"
"Ethik","0","0"
"Schnellhefter DIN A4","1015","1"
"kariertes Papier","1013","1"
"Geschichte","0","0"
"weiß","1024","1"
"Schnellhefter dünner Ringbuchordner DIN A4","1015","1"
"kariertes Papier mit Rand","1013","1"
"AES","0","0"
"helles grau","0","0"
"Ordner dünn bzw schmal mit 2 Ringen DIN A4","1072","1"
"DIN A4 Blätter kariert","1001","1"
"10 Klarsichthüllen","1074","10"
"Technik","1090","1"
"einige Klarsichthüllen","1074","1"
"Karoblätter","0","0"
"Minenbleistifte 3er Set Stärke 0 35","0","0"
"0 5 0 7","1085","0"
"Geo Dreieck s u","1011","1"
"Französisch","0","0"
"DIN A4 Heft liniert mit Doppelrand","1044","1"
"Schnellhefter DIN A4 Schellhefter","1015","1"
"DIN A4 Vokabelheft mit Lineatur 3 Spalten","0","0"
"Physik","0","0"
"braun","0","0"
"Chemie","0","0"
"dunkles grün","0","0"
"Schnellhefter Pappschnellhefter mit DIN A4","1015","1"
"20 karierten Blättern","1043","20"
"In allen Fächern werden die folgenden Materialien benötigt","0","0"
"Mäppchen mit Füller oder ähnlich geeignetem Schreibstift Bleistift Spitzer Radiergummi","0","0"
"Schere Holzbuntstifte Klebestift Geodreieck Bitte immer wieder auf Vollständigkeit","0","0"
"überprüfen vor allem auch zu Schulbeginn nach jeden Ferien","0","0"
"Die Umschläge und Ordner für die einzelnen Fächer sollen die Farben wie in der Tabelle DIN A4","1072","1"
"haben","0","0"
"RS NGD Materialliste für Klasse 6","0","0"
"Alter Postweg 10 69 151 Neckargemünd 06223 922 50 sekretariat rs verwaltung sz ngd de","1041","1"
"Materialliste für Klasse 6 Schuljahr 2026 2027","1070","1"
"DIN A4 Doppelheft kariert","1001","1"
"DIN A4 Heft liniert mit Rand Lineatur","1042","1"
"27","1044","1"
"Regelheft kann vom Vorjahr DIN A4","1044","1"
"weitergeführt werden DIN A4","1001","1"
"Lineatur 27","1044","1"
"Vokabelheft DIN A5 oder DIN A4","1064","1"
"Schnellhefter DIN A4 für","1015","1"
"ca 15 20 Blättern DIN A4 liniert mit","1031","1"
"1 Heft DIN A4 Lineatur 27 1 Schul","1044","1"
"und Hausheft DIN A4","1002","1"
"1 Schnellhefter für Arbeitsblätter DIN A4","1015","1"
"helles grün","0","0"
"Schnellhefter Ringbuch 2fach gelocht dünn mit DIN A4","1015","1"
"karierten Blättern","1043","1"
"1 Schnellhefter mit 15 blanko DIN A4","1015","1"
"Eckspannmappe Mappe für fertige Kunstwerke","0","0"
"Schnellhefter Farbe lila oder nach DIN A4","1055","1"
"Wahl möglich einige karierte Blätter","1043","1"
"Gerne Schnellhefter dünnen Ordner DIN A4","1015","1"
"vom letzten Jahr weiterverwenden","0","0"
"Hallenschuhe und Schuhe fürs Stadion","0","0"
"Religion","0","0"
"dunkles Grau","0","0"
"1 DIN A4 Heft kariert","1001","1"
"Heft kariert mit Rand DIN A4","1043","1"
"Schnellhefter DIN A4 Schellhefter orange","0","0"
"DIN A4 Vokabelheft mit Lineatur 3 Spalten mit","0","0"
"Umschlag orange DIN A4","0","0"
"helles Grau","0","0"
"DIN A4 Blätter kariert","1001","1"
"Schnellhefter oder Ordner DIN A4","1015","1"
"Karierte Blätter","1043","1"
"In allen Fächern werden die folgenden Materialien benötigt","0","0"
"Mäppchen mit Füller oder ähnlich geeignetem Schreibstift Bleistift Spitzer","0","0"
"Radiergummi Schere Holzbuntstifte Klebestift Ge odreieck sowie einem","0","0"
"Textmarker Bitte immer wieder auf Vollständigkeit überprüfen vor allem auch zu","0","0"
"Schulbeginn nach jeden Ferien","0","0"
"Die Umschläge und Ordner für die einzelnen Fächer s ollen die Farben wie in der DIN A4","1072","1"
"Tabelle haben","0","0"
"Eckspannmappe Elternpostmappe","1049","1"
"Eckspannmappe Aus der Grundschule kennen die meisten Kinder eine Elternpostmappe um","0","0"
"wichtige Elternbriefe Klassenarbeiten usw darin aufzubewahren Eine","0","0"
"Eckspannmappe Elternpostmappe wird auch in Klasse 6 benötigt Material und Farbe beliebig bzw","0","0"
"je nach Grundschule wie gewohnt","0","0"
"Das Hausaufgabenheft der Schule muss für Lineatur 6 erworben werden DIN A4","1031","1"
"Materialliste für Klasse 2","1001","1"
"Liebe Eltern der zukünftigen 2 Klässler","0","0"
"Damit Sie in Ruhe die Arbeitsmaterialien für das 2 Schuljahr besorgen können haben wir","0","0"
"Ihnen eine Materialliste erstellt Schnellhefter sowie Umschläge für die Bücher brauchen DIN A4","1015","1"
"Sie nur nach Bedarf neu kaufen bitte aber neu beschriften und bei den Schnellheftern die DIN A4","1046","1"
"Blätter herausnehmen","0","0"
"Herzlichen Dank für Ihre Mitarbeit","0","0"
"Schöne erholsame Ferien und herzliche Grüße","0","0"
"Ihre Kerstin Lilienfein","0","0"
"DIN A5 Hefte Alle Hefte ohne Rand","1039","1"
"2 Schreibhefte Lineatur Nr 2 DIN A4","1002","2"
"2 rote Umschläge Beschriftung Deutsch","0","0"
"1 kariertes Heft Lineatur 07 große Karos DIN A4","0","0"
"1 grüner Umschlag Beschriftung Mathe DIN A4","1021","1"
"DIN A4 Hefte Alle Hefte ohne Rand","1001","1"
"1 Schreibheft Lineatur Nr 2 DIN A4","1002","1"
"1 roter Umschlag Beschriftung Geschichtenheft DIN A4","1021","1"
"1 roter Schnellhefter Beschriftung Deutsch DIN A4","1015","1"
"1 orangefarbener Schnellhefter Beschriftung Wörter der Woche DIN A4","1016","1"
"1 grüner Schnellhefter Beschriftung Mathe DIN A4","1015","1"
"1 dunkelblauer Schnellhefter Beschriftung Sachunterricht DIN A4","1015","1"
"1 lilafarbener Schnellhefter Beschriftung Musik DIN A4","1015","1"
"1 brauner Schnellhefter Beschriftung Religion DIN A4","1015","1"
"1 schwarzer Schnellhefter Beschriftung Medien DIN A4","1015","1"
"Weiteres Material wie in Klasse 1","0","0"
"Zeichenblock DIN A3 Wasserfarben Haar und Borstenpinsel","1014","1"
"verschiedene Stärken Becher Schwamm Malerkittel Schuhkarton","1013","1"
"1 Eckspannmappe Eckspanner gelb Postmappe","1053","1"
"1 Folienstift wasserlöslich Gr M non permanent","0","0"
"1 Tuch fürs Vesper","0","0"
"2 dünne Bleistifte","1018","2"
"Klebestift","1066","1"
"Radiergummi","1006","1"
"Schere die gut schneidet","0","0"
"Dosenspitzer","0","0"
"Wachsmalstifte","1067","1"
"Sportausstattung Turnschuhe T Shirt Socken evtl Haargummi","0","0"
"Hausschuhe","0","0"
"RS NGD Materialliste für Klasse 7","0","0"
"Materialliste für Klasse 7 Schuljahr 2026 2027","1070","1"
"DIN A4 Heft Nr Lineatur 28 kariert ohne","0","0"
"Umschlag zur Abgabe für DIN A4","1021","1"
"2 Ring Ordner DIN A4","1072","2"
"DIN A4 Heft liniert mit Rand Lineatur","1042","1"
"1 Heft DIN A4 Lineatur 27","1044","1"
"Schul und Hausheft DIN A4","1002","1"
"1 Schnellhefter DIN A4","1015","1"
"DIN A4 Heft kariert mit Rand","1043","1"
"Schwarze Filzstifte einer dick einer","0","0"
"1 DIN A3 Block","1014","1"
"1 Schnellhefter dünnes Ringbuch oder ein DIN A4","1015","1"
"einige karierte Blätter","1064","1"
"Minenbleistifte 3er Set Stärke 0 35","0","0"
"0 5 0 7","1085","0"
"Geo Dreieck","1011","1"
"Mäppchen mit Füller oder ähnlich geeignetem Schreibstift Bleistift Spitzer","0","0"
"Radiergummi Schere Holzbuntstifte Klebestift Geodreieck Bitte immer wieder","0","0"
"auf Vollständigkeit überprüfen vor allem auch zu Schulbeginn nach jeden Ferien","0","0"
"Die Umschläge und Ordner für die einzelnen Fächer sollen die Farben wie in der DIN A4","1072","1"
"RS NGD Materialliste für Klasse 8","0","0"
"Materialliste für Klasse 8 Schuljahr 2024 2025","0","0"
"iPad Klassen","0","0"
"Schnellhefter Ringbuchordner mit Trennblättern für jedes Fach DIN A4","1015","1"
"1 Block DIN A4 liniert","1002","1"
"1 Block DIN A4 kariert","1080","1"
"Alles andere nach Absprache mit den jeweiligen Lehrer inenn","0","0"
"2 Schnellhefter DIN A4 mit linierten","1015","2"
"Blättern Lineatur 27 oder 2 Hefte DIN DIN A4","1044","1"
"1 Schul und Hausheft Lineatur 1 Regelheft DIN A4","0","0"
"20 Blatt kariertem Papier abgeheftet DIN A4","1080","20"
"oder kariertem Collegeblock","1013","1"
"DIN A4 Heft kariert mit Rand","1043","1"
"karierte Blätter mit Rand","1041","1"
"Ev tl ein Malhemd","0","0"
"Heft kariert mit Rand DIN A4","1043","1"
"DIN A4 Heft liniert mit Doppelr","1031","1"
"Schuljahresbeginn über die","0","0"
"benötigten Materialien","0","0"
"Materialliste Jahrgangsstufe 5","0","0"
"Gymnasium Trudering","0","0"
"Fächerüber","0","0"
"greifend","0","0"
"Kabelloser Kopfhörer","0","0"
"Eigene E Mailadresse zur Nutzung digitaler Lernangebote Die Verwaltung der E Mailadresse kann zunächst","0","0"
"durch die Eltern erfolgen und später an das Kind übergeben werden","0","0"
"Hausaufgabenheft nicht notwendig für gebundenen Ganztag DIN A4","1048","1"
"Eckspannmappe Postmappe DIN A4 Eckspanner","1049","1"
"1 schmaler Freiarbeits Ordner mit Register und karierten und linierten Seiten Farbe beliebig nicht DIN A4","1072","1"
"notwendig für gebundenen Ganztag","0","0"
"Hefte DIN A4","1001","1"
"Art Anzahl","0","0"
"Lineatur","1002","1"
"Fach Farbe","1015","1"
"Kariert mit Rand 26","1043","1"
"Kariert mit Doppelrand 28","1045","1"
"Kariert ohne Rand 22","1001","1"
"Liniert mit Rand 25","1042","1"
"Blanko ohne Rand 20","1056","1"
"Sonstiges","0","0"
"Rot1 Lineatur 2 1 Deutschbuch 5 Arbeitsheft mit interaktiven Übungen ISBN 978 3 06 DIN A5","1038","1"
"062788 2 ISBN unbedingt beachten","0","0"
"Grün1 Lineatur 1 1 DIN A5 Vokabelheft oder Karteikarten Workbook zu On Track 1 ISBN","1034","1"
"978 3 14 040821 9 Ausgabe Bayern","0","0"
"Dunkelblau1 2 1 Zirkel Geodreieck","0","0"
"NuT Biologie","0","0"
"Orange1 Lineatur 1 1 Im Schnellhefter kariertes Papier mit Rand Schere Klebestift DIN A4","1055","1"
"Holzmalstifte","0","0"
"Braun1 1 6 Holz Malstifte grün Braun blau rot gelb schwarz Schere","0","0"
"Klebestift Geodreieck","1011","1"
"Religion K","0","0"
"Lila1 1 1 Schere Klebestift Holzmalstifte","0","0"
"Religion Ev","0","0"
"Lila1 Lineatur 1 Im Schnellhefter kariertes oder liniertes Papier mit Rand DIN A4","1055","1"
"Lila1 1 1","0","0"
"Weiß1 1","0","0"
"20 karierte Blätter ohne Rand in einem weißen Schnellhefter Lineatur 1 Musikheft DIN A4","1017","20"
"wird in der ersten Musikstunde von der Lehrkraft ausgeteilt 6","0","0"
"mitbringen","0","0"
"transparent","1011","1"
"Malkasten mit 12 Farben Synthetikhaarpinsel rund Größe 6 12","0","0"
"Synthetikhaarpinsel flach Größe 6 12 Alleskleber z B UHU Klebestift","0","0"
"3 Bleistifte HB 2B 4B 1 Fineliner schwarz z B Stabilo Holzbuntstifte","1038","3"
"z B Faber Castell Spitzer Radiergummi ggf weiteres Material nach","0","0"
"Ansage der Lehrkraft Material in kleinem verschließbaren Mäppchen mit","0","0"
"Beschriftung von Name und Klasse keine Schuhkartons","1045","1"
"1 Umschlagfarbe Heftfarbe etc DIN A4","1016","1"
"Materialliste Jahrgangsstufe 11","0","0"
"Eigene E Mailadresse zur Nutzung digitaler Lernangebote","0","0"
"Eckspannmappe Postmappe DIN A4 Eckspanner Hausaufgabenheft","0","0"
"Rot1 2 1","0","0"
"Grün1 1 1 Zweisprachiges Wörterbuch Empfehlung Einsprachiges Wörterbuch","0","0"
"Latein","0","0"
"Hellblau1 Lineatur 1 1 Vokabelheft weitere Nutzung des Schnellhefters DIN A4","0","0"
"Gelb1 Lineatur 1 1 Vokabelheft oder Karteikarten D couvertes transparent Cahier d activit s ISBN DIN A4","0","0"
"978 3 12 521062 2","0","0"
"Spanisch","0","0"
"Schwarz1 Lineatur 1 1 Vokabelheft oder Karteikarten DIN A4","0","0"
"Dunkelblau1 2 1 Zirkel Geodreieck","0","0"
"Weiß1 1 1","0","0"
"Im Schnellhefter kariertes Papier mit Rand Schere Klebestift Holzmalstifte DIN A4","1046","1"
"klappbares Periodensystem der Elemente Oldenburg Verlag ISBN 978 3 7627","0","0"
"4190 9","0","0"
"Physik Orange1 1 1 Geodreieck Schere Klebestift Buntstifte","0","0"
"Informatik 1 1 USB Stick mind 8 gelb siehe oben","0","0"
"Braun1 Lineatur 1 Alternativ Ordner Schnellhefter 6 Holz Malstifte grün Braun blau rot DIN A4","1017","1"
"gelb schwarz Schere Klebestift Geodreieck","0","0"
"Wirtschaft Recht","0","0"
"Schwarz1 Lineatur 1 Alternativ Ordner Schnellhefter DIN A4","1054","1"
"Geschichte Grau1 1 1","0","0"
"Politik und","0","0"
"Gesellschaft 1 1","0","0"
"Religion K Lila1 1 1 Schere Klebestift Holzmalstifte","0","0"
"Lila1 Lineatur 1 Im Schnellhefter kariertes oder liniertes Papier mit Rand DIN A4","1055","1"
"Ethik Lila1 1 1","0","0"
"Weiß1 Lineatur 1 Schnellhefter oder Ordner DIN A4","1015","1"
"Synthetikhaarpinsel rund Größe 6 12 Synthetikhaarpinsel flach Größe 6 12","0","0"
"Alleskleber z B UHU Klebestift 3 Bleistifte HB 2B 4B 1 Fineliner schwarz","1038","1"
"z B Stabilo Holzbuntstifte z B Faber Castell Spitzer Radiergummi ggf","0","0"
"weiteres Material nach Ansage der Lehrkraft Material in kleinem","0","0"
"verschließbaren Mäppchen mit Beschriftung von Name und Klasse","0","0"
"Materialliste Jahrgangsstufe 10","0","0"
"Grün1 1 1","0","0"
"Anschaffung eines zweisprachigen Wörterbuches Empfehlung Anschaffung","0","0"
"eines einsprachigen Wörterbuches Workbook Green Line 6 Ausgabe Bayern","1031","1"
"Workbook mit Audios Klasse 10 ISBN 978 3 12 803065 4","0","0"
"Hellblau1 1 1","0","0"
"Vokabelheft weitere Nutzung des Schnellhefters Kaufempfehlungen DIN A4","1046","1"
"fakultativ Phase 6 digitaler Karteikasten Karteikarten Kasten Stowasser","1080","1"
"Neubearbeitung Lateinisch deutsches Schulwörterbuch ISBN 13 978","0","0"
"3637015494 wenn nicht schon in Klasse 9 geschehen","0","0"
"Gelb1 Lineatur 1 1 Vokabelheft oder Karteikarten A plus nouvelle dition Band 5 Carnet DIN A5","1034","1"
"d activit s ISBN 978 3 464 24743 3","0","0"
"Schwarz1 Lineatur 1 1 Vokabelheft oder Karteikarten Encuentros Hoy Cuaderno de ejercicios mit DIN A4","0","0"
"Audios online ISBN 978 3 06 121948 2","1044","1"
"Pink1 1 Schere Klebestift Holzmalstifte","0","0"
"Im Schnellhefter kariertes Papier mit Rand Schere Klebestift Holzmalstifte DIN A4","1046","1"
"Braun1 1 6 Holz Malstifte grün Braun blau rot gelb schwarz Schere Klebestift","0","0"
"Geodreieck","1011","1"
"Schwarz1 1 Schere Klebestift Farbstifte Geodreieck","0","0"
"Materialliste Jahrgangsstufe 7","0","0"
"Rot1 Lineatur 2 1 Deutschbuch 7 Arbeitsheft mit interaktiven Übungen ISBN 978 3 06 DIN A4","1044","1"
"062790 5 ISBN unbedingt beachten","0","0"
"Grün1 Lineatur 1 1 DIN A5 Vokabelheft oder Karteikarten On Track 3 Workbook Ausgabe","1034","1"
"Bayern ISBN 978 3 14 040823 3","0","0"
"Hellblau1 Lineatur 2 1 Vokabelheft oder Karteikarten Kasten fakultativ Campus Training 2 DIN A4","1044","1"
"neu Buchner Verlag ISBN 978 3 661 41017 3","0","0"
"Gelb1 1 1","0","0"
"Vokabelheft oder Karteikarten A plus nouvelle dition Band Lineatur 2 Carnet DIN A4","1044","1"
"d activit s ISBN 978 3 464 24739 6 Meine Grammatik zum","0","0"
"Selberschreiben Bd 2 ISBN 978 3 06 122186 7","0","0"
"NuT","0","0"
"Orange1 1 1 Geodreieck Schere Klebestift Buntstifte","0","0"
"Informatik 1 1 USB Stick 8 gelb siehe oben","0","0"
"Braun1 1 Holz Malstifte grün Braun blau rot gelb schwarz","0","0"
"Schere Klebestift Geodreieck","0","0"
"Grau1 1 1","0","0"
"1","1033","1"
"Schnellhefter aus Klasse Lineatur 6 mit kariertem Papier und das blaue DIN A4","1015","1"
"Musiktheorieheft wieder mitbringen Notenzeilenpapier wird von der DIN A4","1079","1"
"Lehrkraft ausgeteilt Notenzeilenhefte können verwendet werden DIN A4","1048","1"
"Grundschule Markt Schwaben 30 06 2025","0","0"
"Materialliste für die 1 Klassen","0","0"
"Im Schulranzen","0","0"
"Federmäppchen","1065","1"
"2 gespitzte Bleistifte dreikantig dünn HB bitte auf Qualität achten","0","0"
"2 Radiergummis","0","0"
"1 Lineal klein","1019","1"
"12 gespitzte Holzmalstifte","0","0"
"2 Tafelstifte weiß","0","0"
"1 Fineliner grün","1068","1"
"Schlampermäppchen","0","0"
"1 Schulschere abgerundet für Links bzw Rechtshänder","1038","1"
"2 Klebestifte nicht farbig kein Flüssigkleber","0","0"
"1 Dosenspitzer","0","0"
"Hefte Bitte keine Doppelhefte außer in Religion und Ethik DIN A4","1044","1"
"Deutsch","1002","1"
"2 Hefte DIN A5 liniert Lineatur 1 farbige Hintergründe Umschläge rot orange","1034","2"
"1 Heft DIN A4 ohne Lineatur Umschlag orange","1002","1"
"1 Geschichtenheft DIN A5 1G quer","1033","1"
"Mathe","0","0"
"1 Heft DIN A5 kariert Lineatur 7 Umschlag dunkelblau","0","0"
"1 Heft DIN A4 kariert Lineatur 7 Umschlag hellblau","0","0"
"Heimat und Sachunterricht","0","0"
"1 Heft DIN A4 liniert Lineatur 1 farbiger Hintergrund Umschlag dunkelgrün","0","0"
"Religion Ethik","0","0"
"1 Doppelheft DIN A4 Lineatur 1 farbiger Hintergrund Umschlag durchsichtig","1062","1"
"Arbeitshefte DIN A4","1001","1"
"Welt der Zahl Arbeitsheft Lineatur 1 ISBN 978 3 14 106311 0 DIN A4","1042","1"
"Die Auer Fibel Arbeitsheft Lineatur 1 ISBN 978 3 12 006683 5 Umschlag rosa DIN A4","1060","1"
"Die Auer Fibel Arbeitsheft Lineatur 1 Druckschrift ISBN 978 3 12 006685 9 DIN A5","1038","1"
"Umschlag lila DIN A4","0","0"
"Lies Mal Heft Lineatur 1 Das Heft mit der Ente DaZ ISBN 978 3 96081 224 1 DIN A4","0","0"
"Anoki Übungsheft Richtig rechnen Lineatur 1 ISBN 978 3 12 162084 5 DIN A5","1036","1"
"Bitte stecken Sie alle Arbeits Hefte in die zugehörigen DIN A4","1057","1"
"Umschläge und beschriften Sie diese in Druckschrift","0","0"
"L I S A M U S T E R","0","0"
"Weitere Arbeitsmaterialien","0","0"
"1 Sammelmappe DIN A4 rot","1049","1"
"1 Sammelmappe DIN A4 lila","0","0"
"1 Scolaflex Tafel Nr 2005 Lineatur 1 karierte Rückseite gerne gebraucht","1038","1"
"4 Schnellhefter DIN A4 rot dunkelblau dunkelgrün gelb","1016","4"
"Hausaufgabenheft besorgen wir als Sammelbestellung DIN A4","1046","1"
"Kunst","0","0"
"1 Schuhkarton o ä alle Materialien sollten hineinpassen nicht zu groß darin","1059","1"
"1 Malkasten mit Deckweiß 12 Farben reichen völlig aus bitte auf Qualität achten","0","0"
"1 Wasserbehälter auf Standfestigkeit achten kein Glas","0","0"
"2 Borstenpinsel Stärke 6 und 12 und 2 Haarpinsel Stärke 4 und 8","1010","2"
"1 Malschwamm Schwamm in der Dose","0","0"
"1 saugfähiger Mallappen kleines Schwammtuch in Tüte oder Dose","0","0"
"wasserfeste Wachsmalkreiden Jaxon","0","0"
"1 Sammelmappe DIN A3 darin","1096","1"
"1 Zeichenblock DIN A4","1032","1"
"Sport","0","0"
"feste Hallenturnschuhe helle Sohle","0","0"
"Sportkleidung","0","0"
"ab schulterlangem Haar Haargummi","0","0"
"Papiertaschentücher","0","0"
"Außerdem Hausschuhe mit Namen beschriften","0","0"
"stets 2 Päckchen Papiertaschentücher im Schulranzen","0","0"
"chen Jacken Hausschuhe gut lesbar mit Namen","0","0"
"Liebe Eltern","0","0"
"wir freuen uns auf eine gute Zusammenarbeit","0","0"
"Wir wünschen Ihrem Kind und Ihnen einen schönen Sommer und einen guten Schulanfang","0","0"
"Herzliche Grüße","0","0"
"Ihr Team der Erstklasslehrerinnen im Schuljahr 2025 2026","0","0"
"Alle Materialien sind in den örtlichen Geschäften","0","0"
"Schreibwarenladen Drogeriemarkt vorrätig","0","0"
"Bitte nutzen Sie diesen Service","0","0"
"Materialliste für die 2 Klassen Schuljahr 2025 26","0","0"
"Gut erhaltene Dinge aus der 1 Klasse können selbstverständlich weiterhin verwendet werden","0","0"
"Im Federmäppchen","1065","1"
"2 dünne Bleistifte HB auf Qualität achten","0","0"
"Holzfarbstifte gelb orange rot hautfarben hellblau dunkelblau lila hellgrün dunkelgrün braun schwarz","0","0"
"1 Radiergummi","1006","1"
"Im Schlampermäppchen","0","0"
"2 Klebestifte weiß","0","0"
"1 Schulschere abgerundet","0","0"
"1 Ersatzradiergummi","0","0"
"Im Malkarton","0","0"
"1 Malkasten 12 Farben auf Qualität achten","1097","1"
"1 Malbecher Marmeladenglas","0","0"
"3 Borstenpinsel Nr 3 Nr 6 und Nr 12","1010","3"
"Wachsmalkreiden","0","0"
"1 Mallappen kleines Tuch Schwammtuch o ä","0","0"
"1 schwarzer Filzstift z B Stabilo Pen 68 dicke abgerundete Spitze","0","0"
"Im Turnbeutel","0","0"
"Hallenturnschuhe helle Sohle","0","0"
"ab schulterlangem Haar Haargummis","0","0"
"Ersatzsocken","0","0"
"Arbeitshefte Im Buchladen oder Schreibwarengeschäft besorgen DIN A4","1057","1"
"Welt der Zahl Lineatur 2 Arbeitsheft ISBN 978 3 14 106312 7 DIN A4","1044","1"
"Richtig schreiben Lineatur 2 Arbeitsheft ISBN 978 3 96081 132 9 DIN A4","1042","1"
"Zahlenfuchs 2 ISBN 978 3 939965 34 3","0","0"
"Eckspannmappe Hefte Blöcke Mappen Umschläge DIN A4","1057","1"
"3 linierte Hefte DIN A4 Lineatur 2 Kontrasthintergrund Umschläge DIN A4 rot grün lila","1042","3"
"3 linierte Hefte DIN A5 Lineatur 2 Kontrasthintergrund Umschläge DIN A5 gelb rot orange","1035","3"
"2 karierte Hefte DIN A5 Lineatur 5 5mm ohne Rand Umschläge DIN A5 hellblau dunkelblau","1037","2"
"1 Blanco Heft DIN A4 Umschlag DIN A4 gelb","1001","1"
"1 Sammelmappe DIN A4 rot Hausaufgabenmappe","1050","1"
"1 Sammelmappe DIN A4 blau WG","0","0"
"Schnellhefter DIN A4 rot blau","1016","1"
"Das Hausaufgabenheft wird von der Klassenlehrkraft besorgt DIN A4","1031","1"
"Sonstiges","0","0"
"Hausschuhe mit Namen beschriftet","0","0"
"Bitte geben Sie Ihren Kindern alle Hefte und Arbeitshefte bereits am ersten Schultag mit DIN A4","1059","1"
"Ich bedanke mich für die vertrauensvolle Zusammenarbeit wünsche Ihnen allen eine erholsame Zeit","0","0"
"und freue mich auf das neue Schuljahr","1070","1"
"Wir benötigen","0","0"
"Schroedel Verlag Welt der Zahl Lineatur 3 Arbeitsheft Ausgabe 2022 Bayern DIN A4","1042","1"
"ISBN 978 3 14 106313 4 für 10 50 transparent Umschlag DIN A5","0","0"
"Westermann Zauberlehrling Richtig schreiben 3 Schulausgangsschrift Ausgabe 2014","1038","1"
"Bayern","0","0"
"ISBN 978 3 425 01312 1 für 11 95 transparent Umschlag DIN A5","0","0"
"Oldenbourg Schulbuchverlag Deutsch Stars 3 4 Lesetraining für","0","0"
"Thema aussuchen z B Lesetraining für Pferdefans Lesetraining für Krimifans","0","0"
"für 8 25 transparent Umschlag DIN A5","0","0"
"Wichtig Bitte achten Sie beim Kauf der Hefte und Blöcke auf die Lineatur der Klasse 3 Lineatur 3 DIN A4","0","0"
"sowie auf die passende Kästchengröße der karierten Hefte kein Großkaro DIN A4","1001","1"
"Für Deutsch Lineatur 3","1002","1"
"3 DIN A4 Hefte einfach liniert beidseitiger Rand Umschläge rot weiß und transparent","1042","3"
"1 Kieserblock DIN A4 liniert 03C","1002","1"
"1 roter Schnellhefter mit Lineatur 1 Klarsichthülle gelocht für das Deckblatt DIN A4","1016","1"
"Für Mathematik","1001","1"
"2 DIN A4 Hefte einfach kariert mit umlaufendem Rand Lineatur 40 Umschläge dunkelblau","0","0"
"und transparent","1011","1"
"1 Kieserblock DIN A4 kariert 15C","1001","1"
"1 blauer Schnellhefter mit Lineatur 1 Klarsichthülle gelocht für das Deckblatt DIN A4","1055","1"
"Für HSU Lineatur 3","1036","1"
"1 DIN A4 Heft doppelt liniert beidseitiger Rand Umschlag dunkelgrün","1002","1"
"1 dunkelgrüner Schnellhefter mit Lineatur 1 Klarsichthülle gelocht für das Deckblatt DIN A4","1055","1"
"Für Musik","1079","1"
"1 gelber Schnellhefter mit Lineatur 1 Klarsichthülle gelocht für das Deckblatt DIN A4","1055","1"
"Reservematerial","0","0"
"2 DIN A4 Hefte einfach liniert beidseitiger Rand","1002","2"
"1 DIN A4 Heft einfach kariert mit umlaufendem Rand","1059","1"
"1 Klebestift","1066","1"
"Tintenpatronen","1008","1"
"Materialliste für die 3 Klassen im Schuljahr 2025 26","0","0"
"Für Kunst Gut erhaltene Materialien aus der 2 Klasse können weiterverwendet werden","0","0"
"Zeichenblock DIN A3","1014","1"
"1 Eckspanner Sammelmappe für Kunstbilder DIN A3","1096","1"
"Schuhschachtel die nicht höher als 12 cm ist mit","0","0"
"aufgefüllter und sauberer Malkasten mit Deckweiß auf Qualität achten","0","0"
"Pinsel 3 Borstenpinsel z B Nr 4 12 16 3 Haarpinseln z B Nr 4 8 12","1010","1"
"Lappen zum Abtupfen der Pinsel und kleiner Schwamm in Dose","0","0"
"Tonpapierblock DIN A4 und 1 transparent","1062","1"
"wasserfeste Wachsmalkreiden Jaxon","0","0"
"1 Wasserbehälter auf Standfestigkeit achten Schraubverschluss","0","0"
"Kraut und Rübenheft Lineatur 1 DIN A4 Heft kariert ohne Umschlag","0","0"
"1 Eckspanner Sammelmappe DIN A4 Hausaufgabenmappe mit Dokumentenhülle","0","0"
"an zwei Seiten offen","0","0"
"1 Hausaufgabenheft DIN A5 mit Tageseinteilung","1070","1"
"Hausschuhe mit Namen beschriftet","0","0"
"Turnbeutel Namen Sportbekleidung Turnschuhe mit heller Sohle Haargummis bei","0","0"
"langen Haaren","1078","1"
"Allgemeine Grundausstattung","0","0"
"1 Füller mit Ersatzpatronen kein Tintenkiller","0","0"
"2 Bleistifte HB","1018","2"
"Holzfarbstifte gelb orange rot hellblau dunkelblau rosa lila hellgrün dunkelgrün braun","0","0"
"Fineliner schwarz grün dunkelblau und weitere selbst ausgesuchte Farben außer rot","1037","1"
"1 kleines Lineal 15cm 1 großes Lineal 30cm","1038","1"
"1 Geodreieck","1011","1"
"1 Radiergummi","1006","1"
"1 wasserlöslicher Folienstift Stärke F in schwarz oder blau","0","0"
"1 Textmarker gelb","0","0"
"1 dickeren schwarzen Filzstift z B Edding 3000","0","0"
"2 Klebestifte kein Flüssigkleber oder Farbkleber","0","0"
"Schere abgerundete Spitzen","0","0"
"kleiner Dosen spitzer","0","0"
"Hinweis","0","0"
"Bitte versehen Sie alle Materialien mit dem Vor und Nachnamen Ihres Kindes Hefte auf der DIN A4","1059","1"
"Innenseite Binden Sie die Hefte bereits mit den entsprechenden Umschlägen ein DIN A4","1079","1"
"Gut erhaltene Materialien aus der 2 Jahrgangsstufe können einfach in die 3 Klasse mit","0","0"
"übernommen werden Keine Hefte Neue Lineatur DIN A4","1002","1"
"Die Fachlehrer werden zu Beginn des neuen Schuljahres das für ihren Unterricht benötigte","0","0"
"Material selbst bekannt geben","0","0"
"Ihre LehrerInnen der dritten Klassen","0","0"
"Materialliste Klasse 2 Regelbereich Schuljahr 2025 26","0","0"
"Eckspannmappe Federmappe","1049","1"
"2 Bleistifte","1018","2"
"Buntstifte und Filzstifte","1032","1"
"1 Füller für Lernanfänger bzw 1 Stabilo Rollpen","0","0"
"Radiergummi","1006","1"
"1 Anspitzer mit Behälter","1018","1"
"1 kurzes Lineal","1091","1"
"2 Scheren abgerundet","0","0"
"2 Klebestifte bitte keinen Flüssigkleber","0","0"
"Hefte DIN A4","1001","1"
"2 Schreibhefte Nr Lineatur 2 DIN A4 mit rotem Umschlag","1031","2"
"1 Schreibheft Nr Lineatur 2 DIN A5 mit rotem Umschlag","1035","1"
"1 Geschichtenheft Nr 2G DIN A5 mit durchsichtigem Umschlag","1025","1"
"2 Mathehefte Nr Lineatur 7 DIN A4 mit blauem Umschlag","1023","2"
"Schnellhefter Lineatur 1 rot Deutsch DIN A4","1016","1"
"1 blau Mathematik","1001","1"
"1 grün Sachunterricht","0","0"
"1 gelb Musik","1079","1"
"Kunst 1 Zeichenblock DIN A3 und DIN A4","1032","1"
"1 Sammelmappe DIN A3 aus Pappe","1096","1"
"Wachsmaler besonders gut Jaxonkreide","0","0"
"Farbkasten mit 12 Deckfarben und Pinseln Borsten und Haarpinsel","0","0"
"1 Wasserbehälter","0","0"
"1 Malkittel z B altes T Shirt","0","0"
"Knete 6 Stangen im Plastikbehälter","0","0"
"1 Block DIN A4 und 1 Block DIN A3 Tonpapier bunt","1048","1"
"Das Papier wird gemeinsam gesammelt und muss nicht beschriftet werden","0","0"
"Bitte Farbkasten Pinsel Wasserbehälter Wachsmaler Knete und 1 Klebestift in","0","0"
"einem kleinen Schuhkarton mitbringen","1059","1"
"Turnschuhe helle Sohle T Shirt und kurze Hose im Turnbeutel","0","0"
"1 große Büroklammer für das Hausaufgabenheft DIN A4","1016","1"
"2x Hausschuhe","0","0"
"1 neues Passfoto für den Geburtstagskalender","0","0"
"Sollten Materialien schon aus dem 1 Schuljahr vorhanden sein auch","0","0"
"Schreibhefte in Lineatur 1 können diese gerne weiter genutzt werden DIN A4","0","0"
"Schnellhefter Hefter bitte vorher leeren DIN A4","1015","1"
"Bitte beschriften Sie ALLES mit dem Namen Ihres Kindes","0","0"
"Falken Grundschule Markt Schwaben","0","0"
"Materialliste für die 4 Klasse","0","0"
"Damit wir nächstes Jahr gleich loslegen können findest du hier alles was du brauchst","0","0"
"Gut erhaltene Sachen aus der dritten Klasse Umschläge Schnellhefter Kunstmaterial DIN A4","1016","1"
"etc können selbstverständlich wiederverwendet werden","0","0"
"3 Schreibhefte DIN A4 ohne Rand Lineatur 4 Klasse","1002","3"
"1 Schreibheft DIN A4 mit einseitigem Rand","1042","1"
"Umschläge 1x gelber Umschlag DIN A4","1021","1"
"2x durchsichtiger Umschlag DIN A4","1021","2"
"1x roter Umschlag DIN A4","1021","1"
"2 Reservehefte DIN A4 ohne Rand Lineatur 4 Klasse","1002","2"
"1 Schnellhefter rot DIN A4","1016","1"
"1 Kieserblock DIN A4 Lineatur 4 Klasse","1002","1"
"1 Arbeitsheft Rechtschreiben Lineatur 4 Das Selbstlernheft DIN A4","1042","1"
"ISBN 978 3 96081 054 4","0","0"
"3 Rechenhefte Kleinkaro DIN A4 mit umlaufenden Rand","1043","3"
"Umschläge 1x dunkelblauer Umschlag DIN A4","1021","1"
"1x hellblauer Umschlag DIN A4","1021","1"
"1x durchsichtiger Umschlag DIN A4","1021","1"
"1 Reserveheft DIN A4 mit umlaufenden Rand","1042","1"
"1 Schnellhefter blau DIN A4","1015","1"
"1 Kieserblock DIN A4 kariert Kleinkaro mit Randlinien innen und außen","1044","1"
"Arbeitsheft Welt der Zahl Lineatur 4 Bayern ISBN 978 3 507 04714 3 DIN A5","1038","1"
"HSU","0","0"
"1 Schreibheft DIN A4 ohne Rand Lineatur 4 Klasse","1002","1"
"1 Umschlag dunkelgrün DIN A4","1021","1"
"1 Schnellhefter dunkelgrün DIN A4","1015","1"
"Zeichenblock DIN A3","1014","1"
"Sammelmappe für Kunstbilder DIN A3","1096","1"
"Kunstkiste Schuhkarton","1013","1"
"aufgefüllter und sauberer Farbkasten mit Deckweiß","0","0"
"je 3 Haar und Borstenpinsel Nr 4 Nr 8 Nr 12","1010","1"
"1 standfester Becher","0","0"
"1 Lappen zum Abtupfen der Pinsel","0","0"
"1 Schwämmchen","0","0"
"Tonpapierblock","0","0"
"1 Packung Wachsmalkreiden","0","0"
"1 Schnellhefter lila DIN A4","1055","1"
"1 Schnellhefter orange DIN A4","0","0"
"2 durchsichtige Umschläge für die Arbeitshefte DIN A4","1060","2"
"1 DIN A4 Heft blanko mit durchsichtigem Umschlag Alles Heft","1057","1"
"1 Sammelmappe","0","0"
"Hausschuhe","0","0"
"Turnbeutel mit Sportzeug und Hallenschuhen weiße Sohle","0","0"
"Haargummis Pflaster zum Abkleben der Ohrringe","0","0"
"Federmäppchen","1065","1"
"Gespitzte Buntstifte 2 Bleistifte 1 Füller mit blauen Ersatzpatronen 1","0","0"
"kleines Lineal 1 Radiergummi 1 Geodreieck Fineliner schwarz und 2 weitere","1044","1"
"Farben alles außer rot 1 wasserlöslicher Folienstift Stärke F blau oder","0","0"
"schwarz 1 Textmarker egal welche Farbe 1 Zirkel","0","0"
"Schlampermäppchen","0","0"
"Dosenspitzer Klebestift Schere Filzstifte","0","0"
"Bitte beschrifte mit deinen Eltern alle deine Sachen mit deinem Vor Nachnamen und","0","0"
"deiner Klasse Außerdem wäre es sehr hilfreich die Hefte bereits mit den entsprechenden DIN A4","1031","1"
"Umschlägen einzubinden","0","0"
"Wir freuen uns auf das kommende Schuljahr mit dir und wünschen dir und deiner Familie","0","0"
"schöne Ferien","0","0"
"Deine Lehrerinnen","0","0"
"Bitte wenden","0","0"
"Materialliste Klasse 1 für das Schuljahr 2026 2027","1070","1"
"bald ist es soweit Ihre Kinder werden eingeschult Damit der Schulstart gelingt und alle Kinder","1002","1"
"sofort gut mitarbeiten können müssten Sie noch folgende Materialien bis zum Schulstart","0","0"
"besorgen","0","0"
"Flex und Flora","0","0"
"Paket Deutsch 1 in Grundschrift","0","0"
"Diesterweg Verlag ISBN 978 3 14 104011 1 27 25","0","0"
"Lies mal Das Heft mit dem Küken DIN A4","1031","1"
"Jandorf Verlag Best Nr 1002 ISBN 978 3 939965 70 1 3 90","0","0"
"Lies mal Hefte Lineatur 1 und 2 Set DIN A4","0","0"
"Vom Wort zum Text Anfangslesen","0","0"
"Jandorf Verlag Best Nr 1006 ISBN 978 3 939965 74 9 5 60","0","0"
"Denken und Rechnen","0","0"
"Arbeitsheft Lineatur 1 DIN A4","1002","1"
"Westermann Verlag ISBN 978 3 14 105611 2 9 95","0","0"
"Schülerbuch 1","0","0"
"Westermann Verlag ISBN 978 3 14 105601 3 22 95","0","0"
"Denken und Rechnen Trainingsheft DIN A4","1002","1"
"Westermann Verlag ISBN 978 3 14 105591 7 7 95","0","0"
"Weitere Materialien","0","0"
"1 Schreibheft DIN A5 quer Lineatur 0","1033","1"
"1 Rechenheft DIN A5 Nr Lineatur 7","0","0"
"2 Geschichtenhefte DIN A5 quer","1003","2"
"6 Schnellhefter DIN A4 aus Pappe in rot blau grün weiß orange schwarz","1016","6"
"1 Eckspannmappe Postmappe möglichst gelb","1053","1"
"1 Ordner DIN A4 dick mit 6 teiligem Farbregister","1072","1"
"1 dicker Schreiblernstift z B Triplus Lamy","0","0"
"2 dünne Bleistifte weich HB","0","0"
"6 dicke Buntstifte z B Kiddi Elefant oder Lyra am besten bruchsicher","0","0"
"1 Textmarker gelb","0","0"
"1 Folienstift schwarz wasserlöslich","0","0"
"1 Malblock DIN A4","1001","1"
"1 Anspitzer mit Dose doppelt für dünne und dicke Stifte","1018","1"
"1 Radiergummi","1006","1"
"1 Klebestift z B Pritt Tesa Kein Flüssigkleber","0","0"
"1 gute Bastelschere","1020","1"
"1 Lineal ca 16cm","1038","1"
"1 Deckfarbenkasten guter Qualität mit 12 Farben Pelikan","0","0"
"3 Borstenpinsel Nummer 6 12 18","1010","3"
"1 Lappen","0","0"
"1 Wasserbecher","1094","1"
"1 Malkittel altes Hemd o Ä","0","0"
"1 Sammelmappe DIN A3","1096","1"
"1 Zeichenblock DIN A3","1014","1"
"1 Paar Hausschuhe","0","0"
"Sportzeug","0","0"
"o Sportshirt Sporthose möglichst hochwertige Turnschuhe mit heller Sohle","0","0"
"Sie können auch noch vorhandene Schläppchen weiter benutzen Bei Neukauf bitte feste","0","0"
"Turnschuhe kaufen","0","0"
"Eckspannmappe Bitte versehen Sie alle Sachen auch Stifte Anspitzer Mappen Sportschuhe mit dem","0","0"
"Namen Ihres Kindes","0","0"
"Viele Sachen werden gleich zu Anfang eingesammelt und bleiben in der Schule","0","0"
"Kaufen Sie bitte gute Markenprodukte da Qualitätsunterschiede deutlich zu merken sind Dies","0","0"
"ist erfolgversprechender für Ihre Kinder und letztendlich kaufen Sie dadurch auch günstiger","0","0"
"Da es uns ein wichtiges Anliegen ist das Umweltbewusstsein unserer Kinder zu fördern möchten","0","0"
"wir Sie bitten möglichst umweltfreundliche Produkte für den täglichen Schulbedarf zu kaufen","0","0"
"Auch das Frühstück lässt sich in wiederverwendbare Behälter einpacken","0","0"
"Wir freuen uns auf eine gute Zusammenarbeit","0","0"
"Materialliste 5 Klasse","0","0"
"Sehr geehrte Eltern","0","0"
"anbei die Materialliste die bis zur 2 Schulwoche besorgt werden sollten Am ersten Schultag benötigt Ihr","0","0"
"Kind lediglich ein Mäppchen und einen Block","0","0"
"Umschlagfarbe Heft Schnellhefter Arbeitsheft sonstige Materialien DIN A4","1015","1"
"Für alle Klassen Füller Lineal Bleistift Farbstifte Kleber Schere","1031","1"
"Biologie dunkelgrün DIN A4 kariert","1001","1"
"mit Rand","1037","1"
"Deutsch rot","1002","1"
"2 x DIN A4","1001","2"
"liniert mit","1031","1"
"weißem Rand","1037","1"
"ja Deutschbuch","0","0"
"Arbeitsheft DIN A4","1001","1"
"Englisch hellblau 2 x DIN A4","1060","2"
"liniert mit Rand ja Workbook","1037","1"
"Go Ahead Vokabelheft DIN A5 Lineatur 2 Spalten","1035","1"
"Geographie braun DIN A4 kariert","1001","1"
"mit Rand ja Diercke 2 Weltatlas","0","0"
"IT schwarz ja","1054","1"
"Mathematik orange","1001","1"
"kariert mit","1013","1"
"Rand","1001","1"
"Mathe heute","0","0"
"Arbeitsheft Taschenrechner ab Lineatur 9 Klasse DIN A4","1044","1"
"Musik grau","1079","1"
"Notenheft DIN DIN A4","1079","1"
"Heft DIN A4","1001","1"
"liniert","1002","1"
"Religion ev lila DIN A4 kariert","1001","1"
"ja ab Klasse","1044","1"
"Lutherbibel","0","0"
"Religion rk lila DIN A4 kariert","1001","1"
"ja Herlitz DIN A4","1001","1"
"Flat File","0","0"
"Bibel Einheitsübersetzung 2016","0","0"
"Sport Hallenschuhe Sporthose und","0","0"
"T Shirt","0","0"
"Materialliste Klasse 5","0","0"
"Fach Deutsch","1002","1"
"2 Hefte Nr Lineatur 25 DIN A5","0","0"
"1 roter Umschlag DIN A4","1021","1"
"1 Collegeblock Lineatur 27","1044","1"
"Fach Englisch","0","0"
"1 Heft Nr Lineatur 25 DIN A5","0","0"
"1 gelber Umschlag DIN A4","1021","1"
"1 Vokabelheft DIN A5","1003","1"
"Fach Mathematik","1001","1"
"1 Heft Nr Lineatur 28 DIN A4","0","0"
"1 Blauer Umschlag DIN A4","1021","1"
"1 Collegeblock Lineatur 28","1002","1"
"Schnellhefter DIN A4","1015","1"
"1 x rot für Deutsch","1002","1"
"1 x gelb für Englisch","1081","1"
"1 x blau für Mathe","1015","1"
"1 x braun für Geschichte","0","0"
"1 x hellblau für Erdkunde","0","0"
"1 x grün für Biologie","1017","1"
"1 x orange für Werte und Normen","0","0"
"1 x schwarz für Physik","1054","1"
"1 x lila für Chemie","1055","1"
"1 x weiß für Musik","1079","1"
"1 Paket Buntstifte 10 12 Farben","1005","1"
"2 Bleistifte","1018","2"
"1 Anspitzer","1018","1"
"1 Lineal","1019","1"
"1 Klebestift","1066","1"
"1 Schere","0","0"
"1 Schulfüller","0","0"
"1 Fineliner schwarz","1068","1"
"1 x Kopfhörer die in der Schule bleiben können für das IPad","0","0"
"1 Zeichenblock DIN A4","1032","1"
"1 Sammelmappe DIN A3","1096","1"
"1 Zeichenblock DIN A3","1014","1"
"1 Tuschkasten mit 12 Deckfarben und 1 2 Tuben Deckweiß","1009","1"
"2 Borstenpinsel Nr 4 8","1010","2"
"1 Schuhkarton","0","0"
"Bitte denken Sie daran","0","0"
"dass auf ALLEN Dingen der NAME Ihres Kindes steht","0","0"
"Bitte überprüfen Sie die vorhandenen Materialien auf Vollständigkeit Alle gut","0","0"
"erhaltenen Materialien aus der 1 Klasse können weiter genutzt werden auch die","0","0"
"Hefte DIN A4","1001","1"
"Federtasche","0","0"
"12 Buntstifte","1005","12"
"Anspitzer für 2 Stiftgrößen mit Behälter","0","0"
"kurzes durchsichtiges Lineal","1031","1"
"30 cm langes durchsichtiges Lineal","1031","30"
"blauer Tintenroller zum Radieren z B Frixion Ball","0","0"
"Textmarker gelb radierbar z B PILOT Frixion","0","0"
"schwarzer Filzstift Stabilo pen 68","0","0"
"Hefte o ä DIN A4","1001","1"
"2 Schreibhefte DIN A5 Lineatur 1","1034","2"
"Schreibblock DIN A4 Lineatur 2 z B Kieser Block 02","1042","1"
"Papp","0","0"
"1 Eckspannmappe Postmappe mit Gummizug DIN A4","1049","1"
"1 rot Deutsch mit Klarsichthülle darin","0","0"
"1 blau Mathematik mit Klarsichthülle darin","0","0"
"1 grün Sachunterricht mit Klarsichthülle darin","0","0"
"1 gelb Musik mit Klarsichthülle darin","0","0"
"1 lila Religion mit Klarsichthülle darin","0","0"
"Deckfarbkasten 12 Farben gern Pelikan leere Farben auffüllen","1009","1"
"2 Klebestifte ohne Glitzer und Farbe","0","0"
"Sammelmappe DIN A3 ausgeleert","1096","1"
"Ölkreiden 12 Farben z B Jaxon","0","0"
"Borstenpinsel 4 8 18","1010","1"
"Wasserbehälter kein Glas","0","0"
"Kittel z B altes Hemd","0","0"
"Turnschuhe helle Sohle","0","0"
"Turnhose","0","0"
"Trinkflasche und Brotdose","0","0"
"Am 1 Schultag nach den","0","0"
"Ferien bitte das Zeugnis","0","0"
"unterschrieben","0","0"
"mitbringen","0","0"
"Herzog Christian Grundschule","0","0"
"Schuljahr 2024 2025","0","0"
"Materialien Materialien","0","0"
"8 Schreibhefte DIN A4 Lineatur 2 7 Umschläge gelb Deutsch orange Merkheft","1002","8"
"rot Diktat grün Sachunterricht weiß Religion grau Freies Schreiben lila Lernwörter","0","0"
"3 Rechenhefte DIN A4 Lineatur 28 mit zwei Rändern pro Seite 1 Umschlag blau","1045","3"
"7 Schnellhefter gelb Deutsch blau Mathe grün Sachunterricht weiß Religion schwarz DIN A4","0","0"
"Musik rot Tests orange Freiarbeit","0","0"
"1 Kieserblock Lineatur 2","1002","1"
"1 DIN A4 Ordner mit 2 Ringen zum Verbleib zuhause mit buntem Register 5 oder 6 teilig","1072","1"
"2 Eckspannmappen DIN A4 Postmappe Sammelmappe","1053","2"
"1 Farbkasten mit 12 Deckfarben und Deckweiß bitte säubern und au üllen","1097","1"
"1 Wasserbehälter","0","0"
"1 Putzlappen zum Trocknen des Wasserbehälters und der Pinsel","0","0"
"1 Malkittel altes T Shirt altes Hemd","0","0"
"3 Borstenpinsel Nr 4 8 12","1010","3"
"3 Haarpinsel Nr 4 6 10","1047","3"
"1 Malblock DIN A4","1001","1"
"Wachsmalstifte","1067","1"
"1 Sammelmappe DIN A3 für Bilder","1096","1"
"1 großes Lineal","1019","1"
"1 Kopfhörer mit Bügel Over Ear","0","0"
"Mäppchen mit folgendem Inhalt Mäppchen mit folgendem Inhalt","0","0"
"1 kleines Lineal 15 cm","1091","1"
"Holzstifte","0","0"
"Schlampermäppchen mit folgendem Inhalt Schlampermäppchen mit folgendem Inhalt","0","0"
"1 Bastelschere mit Spitze","1020","1"
"2 Klebestifte 40g farblos Uhu oder Pritt","0","0"
"1 wasserlöslicher dünner Folienstift","0","0"
"1 Spitzer mit Au angdose","1065","1"
"Filzstifte","1032","1"
"Turnbeutel beschriftet mit folgendem Inhalt Turnbeutel beschriftet mit folgendem Inhalt","0","0"
"Turnhose und T Shirt","0","0"
"Turnschuhe mit heller Sohle","0","0"
"Beschriftungen Beschriftungen","0","0"
"Versehen Sie bitte ALLE ALLE Materialien","0","0"
"auch jeden Stift Pinsel sowie die","0","0"
"Turnsachen mit dem Namen Ihres Namen Ihres","0","0"
"Kindes Kindes in gut leserlichen","0","0"
"Druckbuchstaben","0","0"
"Beschriften Sie die Arbeitsbücher","1083","1"
"bitte auf dem Namensfeld falls","0","0"
"vorhanden oder auf der Vorderseite","0","0"
"rechts oben um beim Austeilen ein","0","0"
"schnelles Zuordnen zu ermöglichen","0","0"
"Vielen Dank Vielen Dank","0","0"
"Diese Materialien müssen falls noch nicht vorhanden von allen Eltern besorgt werden","0","0"
"Bitte geben Sie Ihrem Kind in den ersten zwei Wochen nach den Sommerferien 10 10","0","0"
"für Arbeitsmaterialien und das gemeinsame Hausaufga benheft für Arbeitsmaterialien und das gemeinsame Hausaufgabenheft wird von der DIN A4","1054","1"
"Schule angescha t mit Danke","0","0"
"Die Anscha ung eines Füllers Füllers werden wir am 1 Elternabend im neuen Schuljahr thematisieren","0","0"
"Klasse 2 Materialliste für das Schuljahr 2025 2026","1070","1"
"die Kinder können und sollten die Materialien aus dem 1 Schuljahr weiter benutzen","0","0"
"Nur da wo etwas fehlt oder nicht mehr funktionsfähig ist sollten Sie bitte nachbessern","0","0"
"bzw auffüllen Bitte beschriften Sie alle Teile mit dem Namen Ihres Kindes","0","0"
"Federtasche gefüllt 2 dicke Jumbo Bleistifte","0","0"
"6 dicke Jumbo Buntstifte in gelb rot blau grün braun schwarz","0","0"
"1 Lineal circa 15 20 cm","1091","1"
"1 Textmarker z B gelb","0","0"
"4 Fineliner in rot blau grün schwarz","1038","4"
"Schlampermäppchen gefüllt 1 Bastelschere spitz","0","0"
"2 Klebestifte","0","0"
"1 Anspitzer mit Auffangbehälter","1018","1"
"1 Marken Deckfarbenkasten 12 Farben","0","0"
"8 Wachsmalstifte","1067","8"
"3 Borstenpinsel 4 8 12","1010","3"
"1 Malkittel z B altes Oberhemd großes T Shirt","0","0"
"1 kleiner Lappen oder Schwamm","0","0"
"1 Malblock DIN A3","1014","1"
"6 Papp Schnellhefter in rot grün blau gelb lila weiß DIN A4","1016","6"
"2 Eckspannmappe Einlegemappen 1x Postmappe 1x Farbe nach Wahl","0","0"
"1 Blanko Block DIN A4 bitte gelocht","1057","1"
"1Schreibheft DIN A5 Lineatur 2","1035","1"
"Sportbeutel gefüllt Hallenturnschuhe im Sommer auch Outdoor Sportschuhe","0","0"
"Turnhose Radler","0","0"
"ein Paar Ersatz Socken","0","0"
"3 Haargummis bei langen Haaren","0","0"
"Bitte denken Sie daran auch die Arbeitsmittel der Schulbuchliste rechtzeitig zu","0","0"
"bestellen Der Schulplaner Hausaufgabenheft wird von der GS Bakede DIN A4","1031","1"
"beschafft siehe Schulbuchliste","0","0"
"Versehen Sie ebenso alle Arbeitshefte auf dem Umschlag vorn mit dem Namen DIN A4","1021","1"
"Ihres Kindes","0","0"
"Materialliste für die 2 Klasse Schuljahr 2025 26","0","0"
"Bi e beschri en Sie alle Materialien S4 e Bücher He e mit Namen","0","0"
"Bi e versehen Sie alle Bücher und Arbeitshe e von außen in der oberen rechten Ecke mit dem","0","0"
"Namen","0","0"
"Bi e nehmen Sie alle Beilagen aus den Büchern versehen diese mit dem Namen und geben sie","0","0"
"in einer Klarsichthülle mit in die Schule","0","0"
"Die CDs können zu Hause bleiben","0","0"
"Bi e halten Sie immer Ersatz an Bleis4 en Radiergummis und Klebes4 en zu Hause bereit","0","0"
"Alle Materialien können aus Klasse 1 aufgebraucht oder weiter verwendet werden sofern sie","0","0"
"noch in Ordnung sind","0","0"
"Nur für neue Schülerinnen und Schüler 2 Stehsammler","0","0"
"Anzahl Material Größe Umschlag Verwendungszweck DIN A4","1060","1"
"1 Schreibhe mit Kontrastlineatur 2 DIN A4 rot Deutschhe","1042","1"
"1 Schreibhe mit Kontrastlineatur 2 DIN A4 Ersatzhe","1042","1"
"1 Schreibhe mit Kontrastlineatur 2 DIN A4 gelb Hausaufgaben und","1042","1"
"Mi eilungshe","0","0"
"1 Rechenhe mit Lineatur 7 DIN A4 blau Mathehe","1031","1"
"1 Rechenhe mit Lineatur 7 DIN A4 Ersatzhe","1031","1"
"1 Arbeitsblock mit Kontrastlineatur 2 liniert","1035","1"
"und gelocht","0","0"
"DIN A4 Schreibblock","1001","1"
"1 Sammelmappe Eckspanner DIN A4 Postmappe","0","0"
"1 Schnellhe er DIN A4 rot Deutsch","1002","1"
"1 Schnellhe er DIN A4 blau Mathe","1015","1"
"1 Schnellhe er DIN A4 grün Sachunterricht","1017","1"
"1 Schnellhe er DIN A4 weiß Musik","1079","1"
"1 Schnellhe er DIN A4 schwarz Religion Ethik","1054","1"
"2 Bleis4 e","0","0"
"10 12 Holzbunts4 e","0","0"
"1 Lineal ca 16 cm lang nicht biegsam","1038","1"
"1 Foliens4 non permanent","0","0"
"Bastelmäppchen","0","0"
"1 Dosenspitzer für dicke und dünne S4 e","0","0"
"2 Klebes4 e","0","0"
"Filzs4 e","0","0"
"Wachsmals4 e","0","0"
"1 Farbkasten","0","0"
"3 Borstenpinsel dünn mi el dick","1010","3"
"1 kleiner Schwamm","0","0"
"1 Wasserbehälter mit Deckel","0","0"
"1 Malki el oder altes T Shirt Hemd","0","0"
"Knete","0","0"
"Seitenmarker Ha no4zze el klein","0","0"
"Turnbeutel mit Turnschuhen Turnhosen und T Shirt","0","0"
"1 Paar dicke Socken für die Bücherei","0","0"
"1 Paar Kopbörer mit Klinkenstecker","1037","1"
"5 Kopierpapier bi e im Umschlag mit Namen DIN A4","1021","5"
"beschri et abgeben","0","0"
"Schuljahr 2026 2027","1070","1"
"Schnellhefter Bitte heften Sie in jeden Schnellhefter eine Klarsichthülle DIN A4","1017","1"
"rot Deutsch","1002","1"
"blau Mathe","0","0"
"grün Sachunterricht","0","0"
"gelb Musik Kunst verbleibt in der Schule vom Vorjahr bitte nicht leeren","0","0"
"weiß Religion","0","0"
"Pink Leistungsnachweise","0","0"
"Eckspannmappe Postmappe","1049","1"
"Hefte Blöcke DIN A4","1001","1"
"1 einfacher 100er Malblock DIN A4","1061","1"
"2 Schreibhefte DIN A4 Lineatur 2","1002","2"
"1 Schreibblock DIN A4 Lineatur 2","1002","1"
"1 Rechenheft DIN A4 Lineatur 26","0","0"
"Mäppchen","0","0"
"Auf Vollständigkeit überprüfen und ggf ergänzen","0","0"
"Holz und Filzstifte Bleistift","1032","1"
"Schere Dosenspitzer Klebestift Radiergummi Lineal ca 17cm kein","1038","1"
"Geodreieck","1011","1"
"Folienstift non permanent","0","0"
"Bastelsachen Kunstunterricht","1009","1"
"Malblock DIN A3","1014","1"
"Farbkasten vorzugsweise Markenfabrikat","0","0"
"Schwämmchen Wasserbehälter Deckweiß Tuch Malkittel","0","0"
"Borsten und Haarpinsel in unterschiedlichen Stärken","0","0"
"Wachsmalstifte","1067","1"
"1 großes Tischset verbleibt vom Vorjahr in der Schule","0","0"
"1 Sammelmappe DIN A3","1096","1"
"1 Schnellhefter Stehordner und 1 Ablagefach verbleiben vom Vorjahr in der Schule DIN A4","1016","1"
"Turnbeutel mit Turnkleidung","0","0"
"Bitte versehen Sie alle Materialien mit dem Namen Ihres Kindes","0","0"